{
  "cell_info": {
    "full_name": "sky130_fd_sc_hd__inv_1",
    "type": "inv_1",
    "category": "inv",
    "n_transistors": 2
  },
  "optimized_widths": {
    "X0": 6.539526224312806e-07,
    "X1": 1.268622360507158e-06
  },
  "metrics": {
    "delay_avg_ps": 72.68155999999999,
    "delay_rise_ps": 89.34665,
    "delay_fall_ps": 56.016470000000005,
    "energy_dyn_fJ": 36.0706,
    "power_leak_nW": 0.000130905475,
    "area_um2": 0.2883862474407658,
    "cost": 0.9953260641321867
  },
  "training": {
    "algorithm": "PPO",
    "timestamp": "2025-12-27T22:39:28.078376",
    "cost_weights": {},
    "config": {
      "total_steps": 8000,
      "best_cost": 0.9953260641321867,
      "learning_rate": 0.0003,
      "batch_size": 64,
      "n_envs": 4,
      "training_time_seconds": 15749.026693582535,
      "convergence": "stopped"
    }
  },
  "episode": null,
  "metadata": {}
}