{
    "sky130_fd_sc_hd__buf_1": {
        "metrics": {
            "tplh_t1": 1.29187e-10,
            "slew_in_rise_t1": 6e-11,
            "tphl_t2": 1.054432e-10,
            "slew_in_fall_t2": 6e-11,
            "energy_dyn": 4.31951e-14,
            "energy_test1": 3.50785e-14,
            "power_leak_t1": 1.375167e-12,
            "energy_test2": 8.11661e-15,
            "power_leak_t2": 3.964781e-13,
            "power_avg": 7.199183333333332e-06,
            "tplh_avg": 1.29187e-10,
            "tphl_avg": 1.054432e-10,
            "delay_avg": 1.173151e-10
        },
        "widths": {
            "X0": 5.2e-07,
            "X1": 7.9e-07,
            "X2": 5.2e-07,
            "X3": 7.9e-07
        },
        "lengths": {
            "X0": 1.5e-07,
            "X1": 1.5e-07,
            "X2": 1.5e-07,
            "X3": 1.5e-07
        }
    },
    "sky130_fd_sc_hd__buf_12": {
        "metrics": {
            "tplh_t1": 6.941614e-11,
            "slew_in_rise_t1": 6e-11,
            "tphl_t2": 9.813277e-11,
            "slew_in_fall_t2": 6e-11,
            "energy_dyn": 1.58444e-13,
            "energy_test1": 8.22061e-14,
            "power_leak_t1": 3.107969e-12,
            "energy_test2": 7.62382e-14,
            "power_leak_t2": 1.983427e-12,
            "power_avg": 2.6407333333333327e-05,
            "tplh_avg": 6.941614e-11,
            "tphl_avg": 9.813277e-11,
            "delay_avg": 8.3774455e-11
        },
        "widths": {
            "X0": 1e-06,
            "X1": 6.5e-07,
            "X2": 6.5e-07,
            "X3": 1e-06,
            "X4": 1e-06,
            "X5": 6.5e-07,
            "X6": 1e-06,
            "X7": 6.5e-07,
            "X8": 1e-06,
            "X9": 6.5e-07,
            "X10": 1e-06,
            "X11": 6.5e-07,
            "X12": 1e-06,
            "X13": 1e-06,
            "X14": 1e-06,
            "X15": 6.5e-07,
            "X16": 1e-06,
            "X17": 6.5e-07,
            "X18": 6.5e-07,
            "X19": 6.5e-07,
            "X20": 1e-06,
            "X21": 6.5e-07,
            "X22": 6.5e-07,
            "X23": 6.5e-07,
            "X24": 1e-06,
            "X25": 6.5e-07,
            "X26": 6.5e-07,
            "X27": 1e-06,
            "X28": 1e-06,
            "X29": 1e-06,
            "X30": 6.5e-07,
            "X31": 1e-06
        },
        "lengths": {
            "X0": 1.5e-07,
            "X1": 1.5e-07,
            "X2": 1.5e-07,
            "X3": 1.5e-07,
            "X4": 1.5e-07,
            "X5": 1.5e-07,
            "X6": 1.5e-07,
            "X7": 1.5e-07,
            "X8": 1.5e-07,
            "X9": 1.5e-07,
            "X10": 1.5e-07,
            "X11": 1.5e-07,
            "X12": 1.5e-07,
            "X13": 1.5e-07,
            "X14": 1.5e-07,
            "X15": 1.5e-07,
            "X16": 1.5e-07,
            "X17": 1.5e-07,
            "X18": 1.5e-07,
            "X19": 1.5e-07,
            "X20": 1.5e-07,
            "X21": 1.5e-07,
            "X22": 1.5e-07,
            "X23": 1.5e-07,
            "X24": 1.5e-07,
            "X25": 1.5e-07,
            "X26": 1.5e-07,
            "X27": 1.5e-07,
            "X28": 1.5e-07,
            "X29": 1.5e-07,
            "X30": 1.5e-07,
            "X31": 1.5e-07
        }
    },
    "sky130_fd_sc_hd__buf_16": {
        "metrics": {
            "tplh_t1": 6.433422e-11,
            "slew_in_rise_t1": 6e-11,
            "tphl_t2": 9.09935e-11,
            "slew_in_fall_t2": 6e-11,
            "energy_dyn": 1.99051e-13,
            "energy_test1": 9.48618e-14,
            "power_leak_t1": 4.203155e-12,
            "energy_test2": 1.04189e-13,
            "power_leak_t2": 2.797496e-12,
            "power_avg": 3.317516666666666e-05,
            "tplh_avg": 6.433422e-11,
            "tphl_avg": 9.09935e-11,
            "delay_avg": 7.766386e-11
        },
        "widths": {
            "X0": 1e-06,
            "X1": 1e-06,
            "X2": 6.5e-07,
            "X3": 6.5e-07,
            "X4": 6.5e-07,
            "X5": 1e-06,
            "X6": 1e-06,
            "X7": 6.5e-07,
            "X8": 1e-06,
            "X9": 6.5e-07,
            "X10": 1e-06,
            "X11": 6.5e-07,
            "X12": 1e-06,
            "X13": 6.5e-07,
            "X14": 1e-06,
            "X15": 1e-06,
            "X16": 1e-06,
            "X17": 1e-06,
            "X18": 6.5e-07,
            "X19": 1e-06,
            "X20": 6.5e-07,
            "X21": 6.5e-07,
            "X22": 1e-06,
            "X23": 6.5e-07,
            "X24": 6.5e-07,
            "X25": 1e-06,
            "X26": 6.5e-07,
            "X27": 6.5e-07,
            "X28": 6.5e-07,
            "X29": 6.5e-07,
            "X30": 6.5e-07,
            "X31": 6.5e-07,
            "X32": 1e-06,
            "X33": 1e-06,
            "X34": 6.5e-07,
            "X35": 6.5e-07,
            "X36": 6.5e-07,
            "X37": 1e-06,
            "X38": 1e-06,
            "X39": 1e-06,
            "X40": 1e-06,
            "X41": 1e-06,
            "X42": 6.5e-07,
            "X43": 1e-06
        },
        "lengths": {
            "X0": 1.5e-07,
            "X1": 1.5e-07,
            "X2": 1.5e-07,
            "X3": 1.5e-07,
            "X4": 1.5e-07,
            "X5": 1.5e-07,
            "X6": 1.5e-07,
            "X7": 1.5e-07,
            "X8": 1.5e-07,
            "X9": 1.5e-07,
            "X10": 1.5e-07,
            "X11": 1.5e-07,
            "X12": 1.5e-07,
            "X13": 1.5e-07,
            "X14": 1.5e-07,
            "X15": 1.5e-07,
            "X16": 1.5e-07,
            "X17": 1.5e-07,
            "X18": 1.5e-07,
            "X19": 1.5e-07,
            "X20": 1.5e-07,
            "X21": 1.5e-07,
            "X22": 1.5e-07,
            "X23": 1.5e-07,
            "X24": 1.5e-07,
            "X25": 1.5e-07,
            "X26": 1.5e-07,
            "X27": 1.5e-07,
            "X28": 1.5e-07,
            "X29": 1.5e-07,
            "X30": 1.5e-07,
            "X31": 1.5e-07,
            "X32": 1.5e-07,
            "X33": 1.5e-07,
            "X34": 1.5e-07,
            "X35": 1.5e-07,
            "X36": 1.5e-07,
            "X37": 1.5e-07,
            "X38": 1.5e-07,
            "X39": 1.5e-07,
            "X40": 1.5e-07,
            "X41": 1.5e-07,
            "X42": 1.5e-07,
            "X43": 1.5e-07
        }
    },
    "sky130_fd_sc_hd__buf_2": {
        "metrics": {
            "tplh_t1": 1.047659e-10,
            "slew_in_rise_t1": 6e-11,
            "tphl_t2": 1.212269e-10,
            "slew_in_fall_t2": 6e-11,
            "energy_dyn": 5.535e-14,
            "energy_test1": 4.18945e-14,
            "power_leak_t1": 5.308482e-13,
            "energy_test2": 1.34556e-14,
            "power_leak_t2": 2.622603e-13,
            "power_avg": 9.224999999999999e-06,
            "tplh_avg": 1.047659e-10,
            "tphl_avg": 1.212269e-10,
            "delay_avg": 1.129964e-10
        },
        "widths": {
            "X0": 6.5e-07,
            "X1": 6.4e-07,
            "X2": 6.5e-07,
            "X3": 1e-06,
            "X4": 1e-06,
            "X5": 4.2e-07
        },
        "lengths": {
            "X0": 1.5e-07,
            "X1": 1.5e-07,
            "X2": 1.5e-07,
            "X3": 1.5e-07,
            "X4": 1.5e-07,
            "X5": 1.5e-07
        }
    },
    "sky130_fd_sc_hd__buf_4": {
        "metrics": {
            "tplh_t1": 9.181372e-11,
            "slew_in_rise_t1": 6e-11,
            "tphl_t2": 1.260379e-10,
            "slew_in_fall_t2": 6e-11,
            "energy_dyn": 7.58699e-14,
            "energy_test1": 5.1373e-14,
            "power_leak_t1": 1.006386e-12,
            "energy_test2": 2.44968e-14,
            "power_leak_t2": 5.846774e-13,
            "power_avg": 1.2644983333333332e-05,
            "tplh_avg": 9.181372e-11,
            "tphl_avg": 1.260379e-10,
            "delay_avg": 1.0892581e-10
        },
        "widths": {
            "X0": 6.5e-07,
            "X1": 6.5e-07,
            "X2": 6.5e-07,
            "X3": 6.5e-07,