{
    "sky130_fd_sc_hd__buf_1": {
        "metrics": {
            "tplh_t1": 1.29187e-10,
            "slew_in_rise_t1": 6e-11,
            "tphl_t2": 1.054432e-10,
            "slew_in_fall_t2": 6e-11,
            "energy_dyn": 4.31951e-14,
            "energy_test1": 3.50785e-14,
            "power_leak_t1": 1.375167e-12,
            "energy_test2": 8.11661e-15,
            "power_leak_t2": 3.964783e-13,
            "power_avg": 7.199183333333332e-06,
            "tplh_avg": 1.29187e-10,
            "tphl_avg": 1.054432e-10,
            "delay_avg": 1.173151e-10
        },
        "widths": {
            "X0": 0.0005200000000000001,
            "X1": 0.00079,
            "X2": 0.0005200000000000001,
            "X3": 0.00079
        }
    },
    "sky130_fd_sc_hd__buf_12": {
        "metrics": {
            "tplh_t1": 6.941614e-11,
            "slew_in_rise_t1": 6e-11,
            "tphl_t2": 9.813277e-11,
            "slew_in_fall_t2": 6e-11,
            "energy_dyn": 1.58444e-13,
            "energy_test1": 8.22061e-14,
            "power_leak_t1": 3.10797e-12,
            "energy_test2": 7.62382e-14,
            "power_leak_t2": 1.983425e-12,
            "power_avg": 2.6407333333333327e-05,
            "tplh_avg": 6.941614e-11,
            "tphl_avg": 9.813277e-11,
            "delay_avg": 8.3774455e-11
        },
        "widths": {
            "X0": 0.001,
            "X1": 0.0006500000000000001,
            "X2": 0.0006500000000000001,
            "X3": 0.001,
            "X4": 0.001,
            "X5": 0.0006500000000000001,
            "X6": 0.001,
            "X7": 0.0006500000000000001,
            "X8": 0.001,
            "X9": 0.0006500000000000001,
            "X10": 0.001,
            "X11": 0.0006500000000000001,
            "X12": 0.001,
            "X13": 0.001,
            "X14": 0.001,
            "X15": 0.0006500000000000001,
            "X16": 0.001,
            "X17": 0.0006500000000000001,
            "X18": 0.0006500000000000001,
            "X19": 0.0006500000000000001,
            "X20": 0.001,
            "X21": 0.0006500000000000001,
            "X22": 0.0006500000000000001,
            "X23": 0.0006500000000000001,
            "X24": 0.001,
            "X25": 0.0006500000000000001,
            "X26": 0.0006500000000000001,
            "X27": 0.001,
            "X28": 0.001,
            "X29": 0.001,
            "X30": 0.0006500000000000001,
            "X31": 0.001
        }
    },
    "sky130_fd_sc_hd__buf_16": {
        "metrics": {
            "tplh_t1": 6.433422e-11,
            "slew_in_rise_t1": 6e-11,
            "tphl_t2": 9.09935e-11,
            "slew_in_fall_t2": 6e-11,
            "energy_dyn": 1.99051e-13,
            "energy_test1": 9.48618e-14,
            "power_leak_t1": 4.203147e-12,
            "energy_test2": 1.04189e-13,
            "power_leak_t2": 2.797498e-12,
            "power_avg": 3.317516666666666e-05,
            "tplh_avg": 6.433422e-11,
            "tphl_avg": 9.09935e-11,
            "delay_avg": 7.766386e-11
        },
        "widths": {
            "X0": 0.001,
            "X1": 0.001,
            "X2": 0.0006500000000000001,
            "X3": 0.0006500000000000001,
            "X4": 0.0006500000000000001,
            "X5": 0.001,
            "X6": 0.001,
            "X7": 0.0006500000000000001,
            "X8": 0.001,
            "X9": 0.0006500000000000001,
            "X10": 0.001,
            "X11": 0.0006500000000000001,
            "X12": 0.001,
            "X13": 0.0006500000000000001,
            "X14": 0.001,
            "X15": 0.001,
            "X16": 0.001,
            "X17": 0.001,
            "X18": 0.0006500000000000001,
            "X19": 0.001,
            "X20": 0.0006500000000000001,
            "X21": 0.0006500000000000001,
            "X22": 0.001,
            "X23": 0.0006500000000000001,
            "X24": 0.0006500000000000001,
            "X25": 0.001,
            "X26": 0.0006500000000000001,
            "X27": 0.0006500000000000001,
            "X28": 0.0006500000000000001,
            "X29": 0.0006500000000000001,
            "X30": 0.0006500000000000001,
            "X31": 0.0006500000000000001,
            "X32": 0.001,
            "X33": 0.001,
            "X34": 0.0006500000000000001,
            "X35": 0.0006500000000000001,
            "X36": 0.0006500000000000001,
            "X37": 0.001,
            "X38": 0.001,
            "X39": 0.001,
            "X40": 0.001,
            "X41": 0.001,
            "X42": 0.0006500000000000001,
            "X43": 0.001
        }
    },
    "sky130_fd_sc_hd__buf_2": {
        "metrics": {
            "tplh_t1": 1.047659e-10,
            "slew_in_rise_t1": 6e-11,
            "tphl_t2": 1.212269e-10,
            "slew_in_fall_t2": 6e-11,
            "energy_dyn": 5.535e-14,
            "energy_test1": 4.18945e-14,
            "power_leak_t1": 5.308487e-13,
            "energy_test2": 1.34556e-14,
            "power_leak_t2": 2.622605e-13,
            "power_avg": 9.224999999999999e-06,
            "tplh_avg": 1.047659e-10,
            "tphl_avg": 1.212269e-10,
            "delay_avg": 1.129964e-10
        },
        "widths": {
            "X0": 0.0006500000000000001,
            "X1": 0.00064,
            "X2": 0.0006500000000000001,
            "X3": 0.001,
            "X4": 0.001,
            "X5": 0.00042
        }
    },
    "sky130_fd_sc_hd__buf_4": {
        "metrics": {
            "tplh_t1": 9.181372e-11,
            "slew_in_rise_t1": 6e-11,
            "tphl_t2": 1.260379e-10,
            "slew_in_fall_t2": 6e-11,
            "energy_dyn": 7.58699e-14,
            "energy_test1": 5.1373e-14,
            "power_leak_t1": 1.006388e-12,
            "energy_test2": 2.44968e-14,
            "power_leak_t2": 5.846766e-13,
            "power_avg": 1.2644983333333332e-05,
            "tplh_avg": 9.181372e-11,
            "tphl_avg": 1.260379e-10,
            "delay_avg": 1.0892581e-10
        },
        "widths": {
            "X0": 0.0006500000000000001,
            "X1": 0.0006500000000000001,
            "X2": 0.0006500000000000001,
            "X3": 0.0006500000000000001,
            "X4": 0.001,
            "X5": 0.0006500000000000001,
            "X6": 0.001,
            "X7": 0.001,
            "X8": 0.001,
            "X9": 0.001
        }
    },
    "sky130_fd_sc_hd__buf_6": {
        "metrics": {
            "tplh_t1": 7.619425e-11,
            "slew_in_rise_t1": 6e-11,
            "tphl_t2": 1.038389e-10,
            "slew_in_fall_t2": 6e-11,
            "energy_dyn": 9.71501e-14,
            "energy_test1": 5.82998e-14,
            "power_leak_t1": 1.553986e-12,
            "energy_test2": 3.88503e-14,
            "power_leak_t2": 9.917045e-13,
            "power_avg": 1.6191683333333333e-05,
            "tplh_avg": 7.619425e-11,
            "tphl_avg": 1.038389e-10,
            "delay_avg": 9.0016575e-11
        },
        "widths": {
            "X0": 0.0006500000000000001,
            "X1": 0.0006500000000000001,
            "X2": 0.0006500000000000001,
            "X3": 0.001,
            "X4": 0.001,
            "X5": 0.0006500000000000001,
            "X6": 0.001,
            "X7": 0.0006500000000000001,
            "X8": 0.001,
            "X9": 0.0006500000000000001,
            "X10": 0.001,
            "X11": 0.001,
            "X12": 0.001,
            "X13": 0.0006500000000000001,
            "X14": 0.0006500000000000001,
            "X15": 0.001
        }
    },
    "sky130_fd_sc_hd__buf_8": {
        "metrics": {
            "tplh_t1": 6.946309e-11,
            "slew_in_rise_t1": 6e-11,
            "tphl_t2": 9.567422e-11,
            "slew_in_fall_t2": 6e-11,
            "energy_dyn": 1.17833e-13,
            "energy_test1": 6.47507e-14,
            "power_leak_t1": 2.10159e-12,
            "energy_test2": 5.30823e-14,
            "power_leak_t2": 1.398733e-12,
            "power_avg": 1.9638833333333332e-05,
            "tplh_avg": 6.946309e-11,
            "tphl_avg": 9.567422e-11,