{
    "sky130_fd_sc_hd__inv_1": {
        "metrics": {
            "tphl_t1": 5.546925e-11,
            "slew_in_rise_t1": 6e-11,
            "slew_out_fall_t1": 4.243613e-11,
            "tplh_t2": 1.029468e-10,
            "slew_in_fall_t2": 6e-11,
            "slew_out_rise_t2": 9.808263e-11,
            "energy_dyn": 3.56564e-14,
            "energy_test1": -1.81393e-15,
            "power_leak_t1": 8.882164e-14,
            "energy_test2": 3.74704e-14,
            "power_leak_t2": 2.299812e-13,
            "power_avg": 5.9427333333333324e-06,
            "tplh_avg": 1.029468e-10,
            "tphl_avg": 5.546925e-11,
            "delay_avg": 7.9208025e-11
        },
        "widths": {
            "X0": 0.0006500000000000001,
            "X1": 0.001
        }
    },
    "sky130_fd_sc_hd__inv_12": {
        "metrics": {
            "tphl_t1": 1.855575e-11,
            "slew_in_rise_t1": 6e-11,
            "slew_out_fall_t1": 1.557933e-11,
            "tplh_t2": 3.925868e-11,
            "slew_in_fall_t2": 6e-11,
            "slew_out_rise_t2": 2.251291e-11,
            "energy_dyn": 5.92372e-14,
            "energy_test1": -2.92633e-14,
            "power_leak_t1": 1.06586e-12,
            "energy_test2": 8.85005e-14,
            "power_leak_t2": 2.752663e-12,
            "power_avg": 9.872866666666665e-06,
            "tplh_avg": 3.925868e-11,
            "tphl_avg": 1.855575e-11,
            "delay_avg": 2.8907215000000002e-11
        },
        "widths": {
            "X0": 0.0006500000000000001,
            "X1": 0.0006500000000000001,
            "X2": 0.0006500000000000001,
            "X3": 0.001,
            "X4": 0.0006500000000000001,
            "X5": 0.0006500000000000001,
            "X6": 0.001,
            "X7": 0.001,
            "X8": 0.001,
            "X9": 0.001,
            "X10": 0.001,
            "X11": 0.001,
            "X12": 0.001,
            "X13": 0.0006500000000000001,
            "X14": 0.0006500000000000001,
            "X15": 0.001,
            "X16": 0.0006500000000000001,
            "X17": 0.0006500000000000001,
            "X18": 0.001,
            "X19": 0.001,
            "X20": 0.0006500000000000001,
            "X21": 0.0006500000000000001,
            "X22": 0.0006500000000000001,
            "X23": 0.001
        }
    },
    "sky130_fd_sc_hd__inv_16": {
        "metrics": {
            "tphl_t1": 1.707671e-11,
            "slew_in_rise_t1": 6e-11,
            "slew_out_fall_t1": 1.478135e-11,
            "tplh_t2": 3.711583e-11,
            "slew_in_fall_t2": 6e-11,
            "slew_out_rise_t2": 2.143854e-11,
            "energy_dyn": 6.84677e-14,
            "energy_test1": -3.95507e-14,
            "power_leak_t1": 1.421148e-12,
            "energy_test2": 1.08018e-13,
            "power_leak_t2": 3.670218e-12,
            "power_avg": 1.141128333333333e-05,
            "tplh_avg": 3.711583e-11,
            "tphl_avg": 1.707671e-11,
            "delay_avg": 2.709627e-11
        },
        "widths": {
            "X0": 0.0006500000000000001,
            "X1": 0.0006500000000000001,
            "X2": 0.001,
            "X3": 0.001,
            "X4": 0.0006500000000000001,
            "X5": 0.001,
            "X6": 0.0006500000000000001,
            "X7": 0.001,
            "X8": 0.0006500000000000001,
            "X9": 0.001,
            "X10": 0.0006500000000000001,
            "X11": 0.001,
            "X12": 0.001,
            "X13": 0.0006500000000000001,
            "X14": 0.001,
            "X15": 0.0006500000000000001,
            "X16": 0.001,
            "X17": 0.0006500000000000001,
            "X18": 0.0006500000000000001,
            "X19": 0.001,
            "X20": 0.0006500000000000001,
            "X21": 0.0006500000000000001,
            "X22": 0.0006500000000000001,
            "X23": 0.001,
            "X24": 0.001,
            "X25": 0.001,
            "X26": 0.0006500000000000001,
            "X27": 0.001,
            "X28": 0.001,
            "X29": 0.0006500000000000001,
            "X30": 0.0006500000000000001,
            "X31": 0.001
        }
    },
    "sky130_fd_sc_hd__inv_2": {
        "metrics": {
            "tphl_t1": 3.972459e-11,
            "slew_in_rise_t1": 6e-11,
            "slew_out_fall_t1": 2.776994e-11,
            "tplh_t2": 6.961633e-11,
            "slew_in_fall_t2": 6e-11,
            "slew_out_rise_t2": 5.272978e-11,
            "energy_dyn": 3.81536e-14,
            "energy_test1": -4.01443e-15,
            "power_leak_t1": 1.776432e-13,
            "energy_test2": 4.21681e-14,
            "power_leak_t2": 4.587817e-13,
            "power_avg": 6.358933333333333e-06,
            "tplh_avg": 6.961633e-11,
            "tphl_avg": 3.972459e-11,
            "delay_avg": 5.467046e-11
        },
        "widths": {
            "X0": 0.0006500000000000001,
            "X1": 0.001,
            "X2": 0.0006500000000000001,
            "X3": 0.001
        }
    },
    "sky130_fd_sc_hd__inv_4": {
        "metrics": {
            "tphl_t1": 2.894109e-11,
            "slew_in_rise_t1": 6e-11,
            "slew_out_fall_t1": 2.222439e-11,
            "tplh_t2": 5.283684e-11,
            "slew_in_fall_t2": 6e-11,
            "slew_out_rise_t2": 3.283686e-11,
            "energy_dyn": 4.2316e-14,
            "energy_test1": -8.84706e-15,
            "power_leak_t1": 3.552865e-13,
            "energy_test2": 5.1163e-14,
            "power_leak_t2": 9.175617e-13,
            "power_avg": 7.052666666666665e-06,
            "tplh_avg": 5.283684e-11,
            "tphl_avg": 2.894109e-11,
            "delay_avg": 4.0888965000000004e-11
        },
        "widths": {
            "X0": 0.0006500000000000001,
            "X1": 0.0006500000000000001,
            "X2": 0.001,
            "X3": 0.0006500000000000001,
            "X4": 0.0006500000000000001,
            "X5": 0.001,
            "X6": 0.001,
            "X7": 0.001
        }
    },
    "sky130_fd_sc_hd__inv_6": {
        "metrics": {
            "tphl_t1": 2.443486e-11,
            "slew_in_rise_t1": 6e-11,
            "slew_out_fall_t1": 1.887146e-11,
            "tplh_t2": 4.690531e-11,
            "slew_in_fall_t2": 6e-11,
            "slew_out_rise_t2": 2.693758e-11,
            "energy_dyn": 4.6287e-14,
            "energy_test1": -1.38784e-14,
            "power_leak_t1": 5.329298e-13,
            "energy_test2": 6.01654e-14,
            "power_leak_t2": 1.376332e-12,
            "power_avg": 7.714499999999999e-06,
            "tplh_avg": 4.690531e-11,
            "tphl_avg": 2.443486e-11,
            "delay_avg": 3.5670085e-11
        },
        "widths": {
            "X0": 0.001,
            "X1": 0.001,
            "X2": 0.0006500000000000001,
            "X3": 0.001,
            "X4": 0.001,
            "X5": 0.001,
            "X6": 0.0006500000000000001,
            "X7": 0.001,
            "X8": 0.0006500000000000001,
            "X9": 0.0006500000000000001,
            "X10": 0.0006500000000000001,
            "X11": 0.0006500000000000001
        }
    },
    "sky130_fd_sc_hd__inv_8": {
        "metrics": {
            "tphl_t1": 2.151001e-11,
            "slew_in_rise_t1": 6e-11,
            "slew_out_fall_t1": 1.758156e-11,
            "tplh_t2": 4.327646e-11,
            "slew_in_fall_t2": 6e-11,
            "slew_out_rise_t2": 2.450084e-11,
            "energy_dyn": 5.04282e-14,
            "energy_test1": -1.8994e-14,
            "power_leak_t1": 7.105731e-13,
            "energy_test2": 6.94222e-14,
            "power_leak_t2": 1.835109e-12,
            "power_avg": 8.4047e-06,
            "tplh_avg": 4.327646e-11,
            "tphl_avg": 2.151001e-11,
            "delay_avg": 3.2393235000000004e-11
        },
        "widths": {
            "X0": 0.0006500000000000001,
            "X1": 0.001,
            "X2": 0.0006500000000000001,
            "X3": 0.0006500000000000001,
            "X4": 0.001,
            "X5": 0.001,
            "X6": 0.001,
            "X7": 0.001,