{
    "sky130_fd_sc_hd__inv_1": {
        "metrics": {
            "tphl_t1": 5.546925e-11,
            "slew_in_rise_t1": 6e-11,
            "slew_out_fall_t1": 4.243613e-11,
            "tplh_t2": 1.029468e-10,
            "slew_in_fall_t2": 6e-11,
            "slew_out_rise_t2": 9.808263e-11,
            "energy_dyn": 3.56564e-14,
            "energy_test1": -1.81393e-15,
            "power_leak_t1": 8.882165e-14,
            "energy_test2": 3.74704e-14,
            "power_leak_t2": 2.299814e-13,
            "power_avg": 5.9427333333333324e-06,
            "tplh_avg": 1.029468e-10,
            "tphl_avg": 5.546925e-11,
            "delay_avg": 7.9208025e-11
        },
        "widths": {
            "X0": 6.5e-07,
            "X1": 1e-06
        },
        "lengths": {
            "X0": 1.5e-07,
            "X1": 1.5e-07
        }
    },
    "sky130_fd_sc_hd__inv_12": {
        "metrics": {
            "tphl_t1": 1.855575e-11,
            "slew_in_rise_t1": 6e-11,
            "slew_out_fall_t1": 1.557933e-11,
            "tplh_t2": 3.925868e-11,
            "slew_in_fall_t2": 6e-11,
            "slew_out_rise_t2": 2.251291e-11,
            "energy_dyn": 5.92372e-14,
            "energy_test1": -2.92633e-14,
            "power_leak_t1": 1.06586e-12,
            "energy_test2": 8.85005e-14,
            "power_leak_t2": 2.752666e-12,
            "power_avg": 9.872866666666665e-06,
            "tplh_avg": 3.925868e-11,
            "tphl_avg": 1.855575e-11,
            "delay_avg": 2.8907215000000002e-11
        },
        "widths": {
            "X0": 6.5e-07,
            "X1": 6.5e-07,
            "X2": 6.5e-07,
            "X3": 1e-06,
            "X4": 6.5e-07,
            "X5": 6.5e-07,
            "X6": 1e-06,
            "X7": 1e-06,
            "X8": 1e-06,
            "X9": 1e-06,
            "X10": 1e-06,
            "X11": 1e-06,
            "X12": 1e-06,
            "X13": 6.5e-07,
            "X14": 6.5e-07,
            "X15": 1e-06,
            "X16": 6.5e-07,
            "X17": 6.5e-07,
            "X18": 1e-06,
            "X19": 1e-06,
            "X20": 6.5e-07,
            "X21": 6.5e-07,
            "X22": 6.5e-07,
            "X23": 1e-06
        },
        "lengths": {
            "X0": 1.5e-07,
            "X1": 1.5e-07,
            "X2": 1.5e-07,
            "X3": 1.5e-07,
            "X4": 1.5e-07,
            "X5": 1.5e-07,
            "X6": 1.5e-07,
            "X7": 1.5e-07,
            "X8": 1.5e-07,
            "X9": 1.5e-07,
            "X10": 1.5e-07,
            "X11": 1.5e-07,
            "X12": 1.5e-07,
            "X13": 1.5e-07,
            "X14": 1.5e-07,
            "X15": 1.5e-07,
            "X16": 1.5e-07,
            "X17": 1.5e-07,
            "X18": 1.5e-07,
            "X19": 1.5e-07,
            "X20": 1.5e-07,
            "X21": 1.5e-07,
            "X22": 1.5e-07,
            "X23": 1.5e-07
        }
    },
    "sky130_fd_sc_hd__inv_16": {
        "metrics": {
            "tphl_t1": 1.707671e-11,
            "slew_in_rise_t1": 6e-11,
            "slew_out_fall_t1": 1.478135e-11,
            "tplh_t2": 3.711583e-11,
            "slew_in_fall_t2": 6e-11,
            "slew_out_rise_t2": 2.143854e-11,
            "energy_dyn": 6.84677e-14,
            "energy_test1": -3.95507e-14,
            "power_leak_t1": 1.421147e-12,
            "energy_test2": 1.08018e-13,
            "power_leak_t2": 3.670222e-12,
            "power_avg": 1.141128333333333e-05,
            "tplh_avg": 3.711583e-11,
            "tphl_avg": 1.707671e-11,
            "delay_avg": 2.709627e-11
        },
        "widths": {
            "X0": 6.5e-07,
            "X1": 6.5e-07,
            "X2": 1e-06,
            "X3": 1e-06,
            "X4": 6.5e-07,
            "X5": 1e-06,
            "X6": 6.5e-07,
            "X7": 1e-06,
            "X8": 6.5e-07,
            "X9": 1e-06,
            "X10": 6.5e-07,
            "X11": 1e-06,
            "X12": 1e-06,
            "X13": 6.5e-07,
            "X14": 1e-06,
            "X15": 6.5e-07,
            "X16": 1e-06,
            "X17": 6.5e-07,
            "X18": 6.5e-07,
            "X19": 1e-06,
            "X20": 6.5e-07,
            "X21": 6.5e-07,
            "X22": 6.5e-07,
            "X23": 1e-06,
            "X24": 1e-06,
            "X25": 1e-06,
            "X26": 6.5e-07,
            "X27": 1e-06,
            "X28": 1e-06,
            "X29": 6.5e-07,
            "X30": 6.5e-07,
            "X31": 1e-06
        },
        "lengths": {
            "X0": 1.5e-07,
            "X1": 1.5e-07,
            "X2": 1.5e-07,
            "X3": 1.5e-07,
            "X4": 1.5e-07,
            "X5": 1.5e-07,
            "X6": 1.5e-07,
            "X7": 1.5e-07,
            "X8": 1.5e-07,
            "X9": 1.5e-07,
            "X10": 1.5e-07,
            "X11": 1.5e-07,
            "X12": 1.5e-07,
            "X13": 1.5e-07,
            "X14": 1.5e-07,
            "X15": 1.5e-07,
            "X16": 1.5e-07,
            "X17": 1.5e-07,
            "X18": 1.5e-07,
            "X19": 1.5e-07,
            "X20": 1.5e-07,
            "X21": 1.5e-07,
            "X22": 1.5e-07,
            "X23": 1.5e-07,
            "X24": 1.5e-07,
            "X25": 1.5e-07,
            "X26": 1.5e-07,
            "X27": 1.5e-07,
            "X28": 1.5e-07,
            "X29": 1.5e-07,
            "X30": 1.5e-07,
            "X31": 1.5e-07
        }
    },
    "sky130_fd_sc_hd__inv_2": {
        "metrics": {
            "tphl_t1": 3.972459e-11,
            "slew_in_rise_t1": 6e-11,
            "slew_out_fall_t1": 2.776994e-11,
            "tplh_t2": 6.961633e-11,
            "slew_in_fall_t2": 6e-11,
            "slew_out_rise_t2": 5.272978e-11,
            "energy_dyn": 3.81536e-14,
            "energy_test1": -4.01443e-15,
            "power_leak_t1": 1.776432e-13,
            "energy_test2": 4.21681e-14,
            "power_leak_t2": 4.587822e-13,
            "power_avg": 6.358933333333333e-06,
            "tplh_avg": 6.961633e-11,
            "tphl_avg": 3.972459e-11,
            "delay_avg": 5.467046e-11
        },
        "widths": {
            "X0": 6.5e-07,
            "X1": 1e-06,
            "X2": 6.5e-07,
            "X3": 1e-06
        },
        "lengths": {
            "X0": 1.5e-07,
            "X1": 1.5e-07,
            "X2": 1.5e-07,
            "X3": 1.5e-07
        }
    },
    "sky130_fd_sc_hd__inv_4": {
        "metrics": {
            "tphl_t1": 2.894109e-11,
            "slew_in_rise_t1": 6e-11,
            "slew_out_fall_t1": 2.222439e-11,
            "tplh_t2": 5.283684e-11,
            "slew_in_fall_t2": 6e-11,
            "slew_out_rise_t2": 3.283686e-11,
            "energy_dyn": 4.2316e-14,
            "energy_test1": -8.84706e-15,
            "power_leak_t1": 3.552865e-13,
            "energy_test2": 5.1163e-14,
            "power_leak_t2": 9.175625e-13,
            "power_avg": 7.052666666666665e-06,
            "tplh_avg": 5.283684e-11,
            "tphl_avg": 2.894109e-11,
            "delay_avg": 4.0888965000000004e-11
        },
        "widths": {
            "X0": 6.5e-07,
            "X1": 6.5e-07,
            "X2": 1e-06,
            "X3": 6.5e-07,
            "X4": 6.5e-07,
            "X5": 1e-06,
            "X6": 1e-06,
            "X7": 1e-06
        },
        "lengths": {
            "X0": 1.5e-07,
            "X1": 1.5e-07,
            "X2": 1.5e-07,
            "X3": 1.5e-07,
            "X4": 1.5e-07,
            "X5": 1.5e-07,
            "X6": 1.5e-07,
            "X7": 1.5e-07
        }
    },
    "sky130_fd_sc_hd__inv_6": {
        "metrics": {
            "tphl_t1": 2.443486e-11,
            "slew_in_rise_t1": 6e-11,
            "slew_out_fall_t1": 1.887146e-11,
            "tplh_t2": 4.690531e-11,
            "slew_in_fall_t2": 6e-11,
            "slew_out_rise_t2": 2.693758e-11,
            "energy_dyn": 4.6287e-14,
            "energy_test1": -1.38784e-14,
            "power_leak_t1": 5.329299e-13,
            "energy_test2": 6.01654e-14,