{
    "sky130_fd_sc_hd__clkbuf_1": {
        "metrics": {
            "tplh_t1": 1.29187e-10,
            "slew_in_rise_t1": 6e-11,
            "tphl_t2": 1.054432e-10,
            "slew_in_fall_t2": 6e-11,
            "energy_dyn": 4.31951e-14,
            "energy_test1": 3.50785e-14,
            "power_leak_t1": 1.375167e-12,
            "energy_test2": 8.11661e-15,
            "power_leak_t2": 3.964776e-13,
            "power_avg": 7.199183333333332e-06,
            "tplh_avg": 1.29187e-10,
            "tphl_avg": 1.054432e-10,
            "delay_avg": 1.173151e-10
        },
        "widths": {
            "X0": 5.2e-07,
            "X1": 7.9e-07,
            "X2": 5.2e-07,
            "X3": 7.9e-07
        },
        "lengths": {
            "X0": 1.5e-07,
            "X1": 1.5e-07,
            "X2": 1.5e-07,
            "X3": 1.5e-07
        }
    },
    "sky130_fd_sc_hd__clkbuf_16": {
        "metrics": {
            "tplh_t1": 8.989868e-11,
            "slew_in_rise_t1": 6e-11,
            "tphl_t2": 1.101342e-10,
            "slew_in_fall_t2": 6e-11,
            "energy_dyn": 1.71176e-13,
            "energy_test1": 9.63483e-14,
            "power_leak_t1": 1.709219e-12,
            "energy_test2": 7.48277e-14,
            "power_leak_t2": 1.759613e-12,
            "power_avg": 2.8529333333333328e-05,
            "tplh_avg": 8.989868e-11,
            "tphl_avg": 1.101342e-10,
            "delay_avg": 1.0001644e-10
        },
        "widths": {
            "X0": 1e-06,
            "X1": 4.2e-07,
            "X2": 4.2e-07,
            "X3": 1e-06,
            "X4": 1e-06,
            "X5": 1e-06,
            "X6": 4.2e-07,
            "X7": 1e-06,
            "X8": 4.2e-07,
            "X9": 4.2e-07,
            "X10": 4.2e-07,
            "X11": 4.2e-07,
            "X12": 1e-06,
            "X13": 1e-06,
            "X14": 4.2e-07,
            "X15": 1e-06,
            "X16": 4.2e-07,
            "X17": 4.2e-07,
            "X18": 4.2e-07,
            "X19": 4.2e-07,
            "X20": 1e-06,
            "X21": 1e-06,
            "X22": 1e-06,
            "X23": 1e-06,
            "X24": 1e-06,
            "X25": 4.2e-07,
            "X26": 1e-06,
            "X27": 4.2e-07,
            "X28": 1e-06,
            "X29": 4.2e-07,
            "X30": 4.2e-07,
            "X31": 1e-06,
            "X32": 1e-06,
            "X33": 1e-06,
            "X34": 4.2e-07,
            "X35": 1e-06,
            "X36": 4.2e-07,
            "X37": 1e-06,
            "X38": 4.2e-07,
            "X39": 4.2e-07
        },
        "lengths": {
            "X0": 1.5e-07,
            "X1": 1.5e-07,
            "X2": 1.5e-07,
            "X3": 1.5e-07,
            "X4": 1.5e-07,
            "X5": 1.5e-07,
            "X6": 1.5e-07,
            "X7": 1.5e-07,
            "X8": 1.5e-07,
            "X9": 1.5e-07,
            "X10": 1.5e-07,
            "X11": 1.5e-07,
            "X12": 1.5e-07,
            "X13": 1.5e-07,
            "X14": 1.5e-07,
            "X15": 1.5e-07,
            "X16": 1.5e-07,
            "X17": 1.5e-07,
            "X18": 1.5e-07,
            "X19": 1.5e-07,
            "X20": 1.5e-07,
            "X21": 1.5e-07,
            "X22": 1.5e-07,
            "X23": 1.5e-07,
            "X24": 1.5e-07,
            "X25": 1.5e-07,
            "X26": 1.5e-07,
            "X27": 1.5e-07,
            "X28": 1.5e-07,
            "X29": 1.5e-07,
            "X30": 1.5e-07,
            "X31": 1.5e-07,
            "X32": 1.5e-07,
            "X33": 1.5e-07,
            "X34": 1.5e-07,
            "X35": 1.5e-07,
            "X36": 1.5e-07,
            "X37": 1.5e-07,
            "X38": 1.5e-07,
            "X39": 1.5e-07
        }
    },
    "sky130_fd_sc_hd__clkbuf_2": {
        "metrics": {
            "tplh_t1": 9.925823e-11,
            "slew_in_rise_t1": 6e-11,
            "tphl_t2": 1.082131e-10,
            "slew_in_fall_t2": 6e-11,
            "energy_dyn": 5.26265e-14,
            "energy_test1": 3.99942e-14,
            "power_leak_t1": 2.580538e-13,
            "energy_test2": 1.26323e-14,
            "power_leak_t2": 2.622616e-13,
            "power_avg": 8.771083333333331e-06,
            "tplh_avg": 9.925823e-11,
            "tphl_avg": 1.082131e-10,
            "delay_avg": 1.03735665e-10
        },
        "widths": {
            "X0": 1e-06,
            "X1": 4.2e-07,
            "X2": 1e-06,
            "X3": 1e-06,
            "X4": 4.2e-07,
            "X5": 4.2e-07
        },
        "lengths": {
            "X0": 1.5e-07,
            "X1": 1.5e-07,
            "X2": 1.5e-07,
            "X3": 1.5e-07,
            "X4": 1.5e-07,
            "X5": 1.5e-07
        }
    },
    "sky130_fd_sc_hd__clkbuf_4": {
        "metrics": {
            "tplh_t1": 1.077798e-10,
            "slew_in_rise_t1": 6e-11,
            "tphl_t2": 1.269914e-10,
            "slew_in_fall_t2": 6e-11,
            "energy_dyn": 6.88978e-14,
            "energy_test1": 4.92179e-14,
            "power_leak_t1": 4.272855e-13,
            "energy_test2": 1.96799e-14,
            "power_leak_t2": 4.399057e-13,
            "power_avg": 1.1482966666666665e-05,
            "tplh_avg": 1.077798e-10,
            "tphl_avg": 1.269914e-10,
            "delay_avg": 1.173856e-10
        },
        "widths": {
            "X0": 1e-06,
            "X1": 1e-06,
            "X2": 1e-06,
            "X3": 4.2e-07,
            "X4": 1e-06,
            "X5": 4.2e-07,
            "X6": 4.2e-07,
            "X7": 4.2e-07,
            "X8": 4.2e-07,
            "X9": 1e-06
        },
        "lengths": {
            "X0": 1.5e-07,
            "X1": 1.5e-07,
            "X2": 1.5e-07,
            "X3": 1.5e-07,
            "X4": 1.5e-07,
            "X5": 1.5e-07,
            "X6": 1.5e-07,
            "X7": 1.5e-07,
            "X8": 1.5e-07,
            "X9": 1.5e-07
        }
    },
    "sky130_fd_sc_hd__clkbuf_8": {
        "metrics": {
            "tplh_t1": 9.678672e-11,
            "slew_in_rise_t1": 6e-11,
            "tphl_t2": 1.167471e-10,
            "slew_in_fall_t2": 6e-11,
            "energy_dyn": 1.03366e-13,
            "energy_test1": 6.52038e-14,
            "power_leak_t1": 8.546191e-13,
            "energy_test2": 3.81624e-14,
            "power_leak_t2": 8.798046e-13,
            "power_avg": 1.7227666666666664e-05,
            "tplh_avg": 9.678672e-11,
            "tphl_avg": 1.167471e-10,
            "delay_avg": 1.0676691e-10
        },
        "widths": {
            "X0": 4.2e-07,
            "X1": 1e-06,
            "X2": 4.2e-07,
            "X3": 1e-06,
            "X4": 4.2e-07,
            "X5": 4.2e-07,
            "X6": 4.2e-07,
            "X7": 1e-06,
            "X8": 1e-06,
            "X9": 1e-06,
            "X10": 4.2e-07,
            "X11": 4.2e-07,
            "X12": 1e-06,
            "X13": 1e-06,
            "X14": 1e-06,
            "X15": 1e-06,
            "X16": 1e-06,
            "X17": 4.2e-07,
            "X18": 4.2e-07,
            "X19": 4.2e-07
        },
        "lengths": {
            "X0": 1.5e-07,
            "X1": 1.5e-07,
            "X2": 1.5e-07,
            "X3": 1.5e-07,
            "X4": 1.5e-07,
            "X5": 1.5e-07,
            "X6": 1.5e-07,
            "X7": 1.5e-07,
            "X8": 1.5e-07,
            "X9": 1.5e-07,
            "X10": 1.5e-07,
            "X11": 1.5e-07,
            "X12": 1.5e-07,
            "X13": 1.5e-07,
            "X14": 1.5e-07,
            "X15": 1.5e-07,
            "X16": 1.5e-07,
            "X17": 1.5e-07,
            "X18": 1.5e-07,
            "X19": 1.5e-07
        }
    }
}