{
    "sky130_fd_sc_hd__clkbuf_1": {
        "metrics": {
            "tplh_t1": 1.29187e-10,
            "slew_in_rise_t1": 6e-11,
            "tphl_t2": 1.054432e-10,
            "slew_in_fall_t2": 6e-11,
            "energy_dyn": 4.31951e-14,
            "energy_test1": 3.50785e-14,
            "power_leak_t1": 1.375167e-12,
            "energy_test2": 8.11661e-15,
            "power_leak_t2": 3.964779e-13,
            "power_avg": 7.199183333333332e-06,
            "tplh_avg": 1.29187e-10,
            "tphl_avg": 1.054432e-10,
            "delay_avg": 1.173151e-10
        },
        "widths": {
            "X0": 0.0005200000000000001,
            "X1": 0.00079,
            "X2": 0.0005200000000000001,
            "X3": 0.00079
        }
    },
    "sky130_fd_sc_hd__clkbuf_16": {
        "metrics": {
            "tplh_t1": 8.989868e-11,
            "slew_in_rise_t1": 6e-11,
            "tphl_t2": 1.101342e-10,
            "slew_in_fall_t2": 6e-11,
            "energy_dyn": 1.71176e-13,
            "energy_test1": 9.63483e-14,
            "power_leak_t1": 1.709222e-12,
            "energy_test2": 7.48277e-14,
            "power_leak_t2": 1.759611e-12,
            "power_avg": 2.8529333333333328e-05,
            "tplh_avg": 8.989868e-11,
            "tphl_avg": 1.101342e-10,
            "delay_avg": 1.0001644e-10
        },
        "widths": {
            "X0": 0.001,
            "X1": 0.00042,
            "X2": 0.00042,
            "X3": 0.001,
            "X4": 0.001,
            "X5": 0.001,
            "X6": 0.00042,
            "X7": 0.001,
            "X8": 0.00042,
            "X9": 0.00042,
            "X10": 0.00042,
            "X11": 0.00042,
            "X12": 0.001,
            "X13": 0.001,
            "X14": 0.00042,
            "X15": 0.001,
            "X16": 0.00042,
            "X17": 0.00042,
            "X18": 0.00042,
            "X19": 0.00042,
            "X20": 0.001,
            "X21": 0.001,
            "X22": 0.001,
            "X23": 0.001,
            "X24": 0.001,
            "X25": 0.00042,
            "X26": 0.001,
            "X27": 0.00042,
            "X28": 0.001,
            "X29": 0.00042,
            "X30": 0.00042,
            "X31": 0.001,
            "X32": 0.001,
            "X33": 0.001,
            "X34": 0.00042,
            "X35": 0.001,
            "X36": 0.00042,
            "X37": 0.001,
            "X38": 0.00042,
            "X39": 0.00042
        }
    },
    "sky130_fd_sc_hd__clkbuf_2": {
        "metrics": {
            "tplh_t1": 9.925823e-11,
            "slew_in_rise_t1": 6e-11,
            "tphl_t2": 1.082131e-10,
            "slew_in_fall_t2": 6e-11,
            "energy_dyn": 5.26265e-14,
            "energy_test1": 3.99942e-14,
            "power_leak_t1": 2.580539e-13,
            "energy_test2": 1.26323e-14,
            "power_leak_t2": 2.622613e-13,
            "power_avg": 8.771083333333331e-06,
            "tplh_avg": 9.925823e-11,
            "tphl_avg": 1.082131e-10,
            "delay_avg": 1.03735665e-10
        },
        "widths": {
            "X0": 0.001,
            "X1": 0.00042,
            "X2": 0.001,
            "X3": 0.001,
            "X4": 0.00042,
            "X5": 0.00042
        }
    },
    "sky130_fd_sc_hd__clkbuf_4": {
        "metrics": {
            "tplh_t1": 1.077798e-10,
            "slew_in_rise_t1": 6e-11,
            "tphl_t2": 1.269914e-10,
            "slew_in_fall_t2": 6e-11,
            "energy_dyn": 6.88978e-14,
            "energy_test1": 4.92179e-14,
            "power_leak_t1": 4.272824e-13,
            "energy_test2": 1.96799e-14,
            "power_leak_t2": 4.399049e-13,
            "power_avg": 1.1482966666666665e-05,
            "tplh_avg": 1.077798e-10,
            "tphl_avg": 1.269914e-10,
            "delay_avg": 1.173856e-10
        },
        "widths": {
            "X0": 0.001,
            "X1": 0.001,
            "X2": 0.001,
            "X3": 0.00042,
            "X4": 0.001,
            "X5": 0.00042,
            "X6": 0.00042,
            "X7": 0.00042,
            "X8": 0.00042,
            "X9": 0.001
        }
    },
    "sky130_fd_sc_hd__clkbuf_8": {
        "metrics": {
            "tplh_t1": 9.678672e-11,
            "slew_in_rise_t1": 6e-11,
            "tphl_t2": 1.167471e-10,
            "slew_in_fall_t2": 6e-11,
            "energy_dyn": 1.03366e-13,
            "energy_test1": 6.52038e-14,
            "power_leak_t1": 8.54602e-13,
            "energy_test2": 3.81624e-14,
            "power_leak_t2": 8.798058e-13,
            "power_avg": 1.7227666666666664e-05,
            "tplh_avg": 9.678672e-11,
            "tphl_avg": 1.167471e-10,
            "delay_avg": 1.0676691e-10
        },
        "widths": {
            "X0": 0.00042,
            "X1": 0.001,
            "X2": 0.00042,
            "X3": 0.001,
            "X4": 0.00042,
            "X5": 0.00042,
            "X6": 0.00042,
            "X7": 0.001,
            "X8": 0.001,
            "X9": 0.001,
            "X10": 0.00042,
            "X11": 0.00042,
            "X12": 0.001,
            "X13": 0.001,
            "X14": 0.001,
            "X15": 0.001,
            "X16": 0.001,
            "X17": 0.00042,
            "X18": 0.00042,
            "X19": 0.00042
        }
    }
}