{
    "sky130_fd_sc_hd__xnor2_1": {
        "metrics": {
            "tphl_t1": 8.533098e-11,
            "slew_in_rise_t1": 6e-11,
            "slew_out_fall_t1": 7.124498e-11,
            "tplh_t2": 2.158281e-10,
            "slew_in_fall_t2": 6e-11,
            "slew_out_rise_t2": 2.216576e-10,
            "tphl_t3": 7.901151e-11,
            "slew_in_rise_t3": 6e-11,
            "slew_out_fall_t3": 6.655079e-11,
            "tplh_t4": 2.033225e-10,
            "slew_in_fall_t4": 6e-11,
            "slew_out_rise_t4": 2.217228e-10,
            "energy_dyn": 8.42184e-14,
            "energy_test1": -2.77174e-15,
            "power_leak_t1": 1.528938e-10,
            "energy_test2": 4.59842e-14,
            "power_leak_t2": 6.044734e-08,
            "energy_test3": -1.95908e-15,
            "power_leak_t3": 3.249029e-08,
            "energy_test4": 4.2885e-14,
            "power_leak_t4": 5.550188e-08,
            "power_avg": 7.018199999999999e-06,
            "tplh_avg": 2.0957530000000002e-10,
            "tphl_avg": 8.2171245e-11,
            "delay_avg": 1.458732725e-10
        },
        "widths": {
            "X0": 1e-06,
            "X1": 1e-06,
            "X2": 1e-06,
            "X3": 6.5e-07,
            "X4": 6.5e-07,
            "X5": 6.5e-07,
            "X6": 1e-06,
            "X7": 1e-06,
            "X8": 6.5e-07,
            "X9": 6.5e-07
        },
        "lengths": {
            "X0": 1.5e-07,
            "X1": 1.5e-07,
            "X2": 1.5e-07,
            "X3": 1.5e-07,
            "X4": 1.5e-07,
            "X5": 1.5e-07,
            "X6": 1.5e-07,
            "X7": 1.5e-07,
            "X8": 1.5e-07,
            "X9": 1.5e-07
        }
    },
    "sky130_fd_sc_hd__xnor2_2": {
        "metrics": {
            "tphl_t1": 6.214271e-11,
            "slew_in_rise_t1": 6e-11,
            "slew_out_fall_t1": 4.297449e-11,
            "tplh_t2": 1.462669e-10,
            "slew_in_fall_t2": 6e-11,
            "slew_out_rise_t2": 1.286825e-10,
            "tphl_t3": 5.569963e-11,
            "slew_in_rise_t3": 6e-11,
            "slew_out_fall_t3": 3.877283e-11,
            "tplh_t4": 1.334296e-10,
            "slew_in_fall_t4": 6e-11,
            "slew_out_rise_t4": 1.288231e-10,
            "energy_dyn": 1.02777e-13,
            "energy_test1": -5.63506e-15,
            "power_leak_t1": 2.850504e-10,
            "energy_test2": 5.9418e-14,
            "power_leak_t2": 8.858579e-08,
            "energy_test3": -4.29341e-15,
            "power_leak_t3": 6.496997e-08,
            "energy_test4": 5.31421e-14,
            "power_leak_t4": 8.075046e-08,
            "power_avg": 8.56475e-06,
            "tplh_avg": 1.3984825e-10,
            "tphl_avg": 5.892117e-11,
            "delay_avg": 9.938471e-11
        },
        "widths": {
            "X0": 1e-06,
            "X1": 6.5e-07,
            "X2": 1e-06,
            "X3": 1e-06,
            "X4": 1e-06,
            "X5": 1e-06,
            "X6": 1e-06,
            "X7": 6.5e-07,
            "X8": 1e-06,
            "X9": 6.5e-07,
            "X10": 1e-06,
            "X11": 1e-06,
            "X12": 6.5e-07,
            "X13": 1e-06,
            "X14": 6.5e-07,
            "X15": 6.5e-07,
            "X16": 6.5e-07,
            "X17": 6.5e-07,
            "X18": 6.5e-07,
            "X19": 6.5e-07
        },
        "lengths": {
            "X0": 1.5e-07,
            "X1": 1.5e-07,
            "X2": 1.5e-07,
            "X3": 1.5e-07,
            "X4": 1.5e-07,
            "X5": 1.5e-07,
            "X6": 1.5e-07,
            "X7": 1.5e-07,
            "X8": 1.5e-07,
            "X9": 1.5e-07,
            "X10": 1.5e-07,
            "X11": 1.5e-07,
            "X12": 1.5e-07,
            "X13": 1.5e-07,
            "X14": 1.5e-07,
            "X15": 1.5e-07,
            "X16": 1.5e-07,
            "X17": 1.5e-07,
            "X18": 1.5e-07,
            "X19": 1.5e-07
        }
    },
    "sky130_fd_sc_hd__xnor2_4": {
        "metrics": {
            "tphl_t1": 4.999374e-11,
            "slew_in_rise_t1": 6e-11,
            "slew_out_fall_t1": 2.868547e-11,
            "tplh_t2": 1.10967e-10,
            "slew_in_fall_t2": 6e-11,
            "slew_out_rise_t2": 8.225278e-11,
            "tphl_t3": 4.279119e-11,
            "slew_in_rise_t3": 6e-11,
            "slew_out_fall_t3": 2.546217e-11,
            "tplh_t4": 9.787243e-11,
            "slew_in_fall_t4": 6e-11,
            "slew_out_rise_t4": 8.227479e-11,
            "energy_dyn": 1.38932e-13,
            "energy_test1": -1.14813e-14,
            "power_leak_t1": 5.547655e-10,
            "energy_test2": 8.61895e-14,
            "power_leak_t2": 1.617379e-07,
            "energy_test3": -9.56208e-15,
            "power_leak_t3": 1.299161e-07,
            "energy_test4": 7.35074e-14,
            "power_leak_t4": 1.464627e-07,
            "power_avg": 1.1577666666666664e-05,
            "tplh_avg": 1.0441971500000001e-10,
            "tphl_avg": 4.6392465e-11,
            "delay_avg": 7.540609e-11
        },
        "widths": {
            "X0": 6.5e-07,
            "X1": 6.5e-07,
            "X2": 6.5e-07,
            "X3": 1e-06,
            "X4": 1e-06,
            "X5": 1e-06,
            "X6": 1e-06,
            "X7": 1e-06,
            "X8": 1e-06,
            "X9": 1e-06,
            "X10": 1e-06,
            "X11": 6.5e-07,
            "X12": 1e-06,
            "X13": 1e-06,
            "X14": 6.5e-07,
            "X15": 6.5e-07,
            "X16": 1e-06,
            "X17": 1e-06,
            "X18": 6.5e-07,
            "X19": 6.5e-07,
            "X20": 6.5e-07,
            "X21": 1e-06,
            "X22": 6.5e-07,
            "X23": 6.5e-07,
            "X24": 6.5e-07,
            "X25": 1e-06,
            "X26": 6.5e-07,
            "X27": 6.5e-07,
            "X28": 6.5e-07,
            "X29": 1e-06,
            "X30": 6.5e-07,
            "X31": 6.5e-07,
            "X32": 1e-06,
            "X33": 6.5e-07,
            "X34": 6.5e-07,
            "X35": 1e-06,
            "X36": 6.5e-07,
            "X37": 1e-06,
            "X38": 1e-06,
            "X39": 1e-06
        },
        "lengths": {
            "X0": 1.5e-07,
            "X1": 1.5e-07,
            "X2": 1.5e-07,
            "X3": 1.5e-07,
            "X4": 1.5e-07,
            "X5": 1.5e-07,
            "X6": 1.5e-07,
            "X7": 1.5e-07,
            "X8": 1.5e-07,
            "X9": 1.5e-07,
            "X10": 1.5e-07,
            "X11": 1.5e-07,
            "X12": 1.5e-07,
            "X13": 1.5e-07,
            "X14": 1.5e-07,
            "X15": 1.5e-07,
            "X16": 1.5e-07,
            "X17": 1.5e-07,
            "X18": 1.5e-07,
            "X19": 1.5e-07,
            "X20": 1.5e-07,
            "X21": 1.5e-07,
            "X22": 1.5e-07,
            "X23": 1.5e-07,
            "X24": 1.5e-07,
            "X25": 1.5e-07,
            "X26": 1.5e-07,
            "X27": 1.5e-07,
            "X28": 1.5e-07,
            "X29": 1.5e-07,
            "X30": 1.5e-07,
            "X31": 1.5e-07,
            "X32": 1.5e-07,
            "X33": 1.5e-07,
            "X34": 1.5e-07,
            "X35": 1.5e-07,
            "X36": 1.5e-07,
            "X37": 1.5e-07,
            "X38": 1.5e-07,
            "X39": 1.5e-07
        }
    },
    "sky130_fd_sc_hd__xnor3_1": {
        "metrics": {
            "tphl_t1": 2.450317e-10,
            "slew_in_rise_t1": 6e-11,
            "slew_out_fall_t1": 6.873679e-11,
            "tplh_t2": 2.531043e-10,
            "slew_in_fall_t2": 6e-11,
            "slew_out_rise_t2": 1.020431e-10,
            "tphl_t3": 1.854509e-10,
            "slew_in_rise_t3": 6e-11,
            "slew_out_fall_t3": 6.678327e-11,
            "tplh_t4": 2.08434e-10,
            "slew_in_fall_t4": 6e-11,
            "slew_out_rise_t4": 1.018884e-10,
            "tphl_t5": 1.635501e-10,
            "slew_in_rise_t5": 6e-11,
            "slew_out_fall_t5": 6.534905e-11,
            "tplh_t6": 1.882255e-10,