{
    "sky130_fd_sc_hd__xnor2_1": {
        "metrics": {
            "tphl_t1": 8.533098e-11,
            "slew_in_rise_t1": 6e-11,
            "slew_out_fall_t1": 7.124498e-11,
            "tplh_t2": 2.158281e-10,
            "slew_in_fall_t2": 6e-11,
            "slew_out_rise_t2": 2.216576e-10,
            "tphl_t3": 7.901151e-11,
            "slew_in_rise_t3": 6e-11,
            "slew_out_fall_t3": 6.655079e-11,
            "tplh_t4": 2.033225e-10,
            "slew_in_fall_t4": 6e-11,
            "slew_out_rise_t4": 2.217228e-10,
            "energy_dyn": 8.42184e-14,
            "energy_test1": -2.77174e-15,
            "power_leak_t1": 1.528938e-10,
            "energy_test2": 4.59842e-14,
            "power_leak_t2": 6.044734e-08,
            "energy_test3": -1.95908e-15,
            "power_leak_t3": 3.249029e-08,
            "energy_test4": 4.2885e-14,
            "power_leak_t4": 5.550188e-08,
            "power_avg": 7.018199999999999e-06,
            "tplh_avg": 2.0957530000000002e-10,
            "tphl_avg": 8.2171245e-11,
            "delay_avg": 1.458732725e-10
        },
        "widths": {
            "X0": 0.001,
            "X1": 0.001,
            "X2": 0.001,
            "X3": 0.0006500000000000001,
            "X4": 0.0006500000000000001,
            "X5": 0.0006500000000000001,
            "X6": 0.001,
            "X7": 0.001,
            "X8": 0.0006500000000000001,
            "X9": 0.0006500000000000001
        }
    },
    "sky130_fd_sc_hd__xnor2_2": {
        "metrics": {
            "tphl_t1": 6.214271e-11,
            "slew_in_rise_t1": 6e-11,
            "slew_out_fall_t1": 4.297449e-11,
            "tplh_t2": 1.462669e-10,
            "slew_in_fall_t2": 6e-11,
            "slew_out_rise_t2": 1.286825e-10,
            "tphl_t3": 5.569963e-11,
            "slew_in_rise_t3": 6e-11,
            "slew_out_fall_t3": 3.877283e-11,
            "tplh_t4": 1.334296e-10,
            "slew_in_fall_t4": 6e-11,
            "slew_out_rise_t4": 1.288231e-10,
            "energy_dyn": 1.02777e-13,
            "energy_test1": -5.63506e-15,
            "power_leak_t1": 2.850504e-10,
            "energy_test2": 5.9418e-14,
            "power_leak_t2": 8.858579e-08,
            "energy_test3": -4.29341e-15,
            "power_leak_t3": 6.496997e-08,
            "energy_test4": 5.31421e-14,
            "power_leak_t4": 8.075046e-08,
            "power_avg": 8.56475e-06,
            "tplh_avg": 1.3984825e-10,
            "tphl_avg": 5.892117e-11,
            "delay_avg": 9.938471e-11
        },
        "widths": {
            "X0": 0.001,
            "X1": 0.0006500000000000001,
            "X2": 0.001,
            "X3": 0.001,
            "X4": 0.001,
            "X5": 0.001,
            "X6": 0.001,
            "X7": 0.0006500000000000001,
            "X8": 0.001,
            "X9": 0.0006500000000000001,
            "X10": 0.001,
            "X11": 0.001,
            "X12": 0.0006500000000000001,
            "X13": 0.001,
            "X14": 0.0006500000000000001,
            "X15": 0.0006500000000000001,
            "X16": 0.0006500000000000001,
            "X17": 0.0006500000000000001,
            "X18": 0.0006500000000000001,
            "X19": 0.0006500000000000001
        }
    },
    "sky130_fd_sc_hd__xnor2_4": {
        "metrics": {
            "tphl_t1": 4.999374e-11,
            "slew_in_rise_t1": 6e-11,
            "slew_out_fall_t1": 2.868547e-11,
            "tplh_t2": 1.10967e-10,
            "slew_in_fall_t2": 6e-11,
            "slew_out_rise_t2": 8.225278e-11,
            "tphl_t3": 4.279119e-11,
            "slew_in_rise_t3": 6e-11,
            "slew_out_fall_t3": 2.546217e-11,
            "tplh_t4": 9.787243e-11,
            "slew_in_fall_t4": 6e-11,
            "slew_out_rise_t4": 8.227479e-11,
            "energy_dyn": 1.38932e-13,
            "energy_test1": -1.14813e-14,
            "power_leak_t1": 5.547655e-10,
            "energy_test2": 8.61895e-14,
            "power_leak_t2": 1.617379e-07,
            "energy_test3": -9.56208e-15,
            "power_leak_t3": 1.299161e-07,
            "energy_test4": 7.35074e-14,
            "power_leak_t4": 1.464627e-07,
            "power_avg": 1.1577666666666664e-05,
            "tplh_avg": 1.0441971500000001e-10,
            "tphl_avg": 4.6392465e-11,
            "delay_avg": 7.540609e-11
        },
        "widths": {
            "X0": 0.0006500000000000001,
            "X1": 0.0006500000000000001,
            "X2": 0.0006500000000000001,
            "X3": 0.001,
            "X4": 0.001,
            "X5": 0.001,
            "X6": 0.001,
            "X7": 0.001,
            "X8": 0.001,
            "X9": 0.001,
            "X10": 0.001,
            "X11": 0.0006500000000000001,
            "X12": 0.001,
            "X13": 0.001,
            "X14": 0.0006500000000000001,
            "X15": 0.0006500000000000001,
            "X16": 0.001,
            "X17": 0.001,
            "X18": 0.0006500000000000001,
            "X19": 0.0006500000000000001,
            "X20": 0.0006500000000000001,
            "X21": 0.001,
            "X22": 0.0006500000000000001,
            "X23": 0.0006500000000000001,
            "X24": 0.0006500000000000001,
            "X25": 0.001,
            "X26": 0.0006500000000000001,
            "X27": 0.0006500000000000001,
            "X28": 0.0006500000000000001,
            "X29": 0.001,
            "X30": 0.0006500000000000001,
            "X31": 0.0006500000000000001,
            "X32": 0.001,
            "X33": 0.0006500000000000001,
            "X34": 0.0006500000000000001,
            "X35": 0.001,
            "X36": 0.0006500000000000001,
            "X37": 0.001,
            "X38": 0.001,
            "X39": 0.001
        }
    },
    "sky130_fd_sc_hd__xnor3_1": {
        "metrics": {
            "tphl_t1": 2.450317e-10,
            "slew_in_rise_t1": 6e-11,
            "slew_out_fall_t1": 6.873679e-11,
            "tplh_t2": 2.531043e-10,
            "slew_in_fall_t2": 6e-11,
            "slew_out_rise_t2": 1.020431e-10,
            "tphl_t3": 1.854509e-10,
            "slew_in_rise_t3": 6e-11,
            "slew_out_fall_t3": 6.678327e-11,
            "tplh_t4": 2.08434e-10,
            "slew_in_fall_t4": 6e-11,
            "slew_out_rise_t4": 1.018884e-10,
            "tphl_t5": 1.635501e-10,
            "slew_in_rise_t5": 6e-11,
            "slew_out_fall_t5": 6.534905e-11,
            "tplh_t6": 1.882255e-10,
            "slew_in_fall_t6": 6e-11,
            "slew_out_rise_t6": 1.018861e-10,
            "energy_dyn": 2.11458e-13,
            "energy_test1": 2.23075e-14,
            "power_leak_t1": 6.112124e-11,
            "energy_test2": 5.98344e-14,
            "power_leak_t2": 1.677249e-12,
            "energy_test3": 1.29586e-14,
            "power_leak_t3": 1.827416e-11,
            "energy_test4": 5.73197e-14,
            "power_leak_t4": 1.650067e-12,
            "energy_test5": 1.1377e-14,
            "power_leak_t5": 1.550779e-11,
            "energy_test6": 4.76608e-14,
            "power_leak_t6": 1.644862e-12,
            "power_avg": 1.1747666666666664e-05,
            "tplh_avg": 2.1658793333333333e-10,
            "tphl_avg": 1.980109e-10,
            "delay_avg": 2.0729941666666665e-10
        },
        "widths": {
            "X0": 0.00064,
            "X1": 0.00042,
            "X2": 0.00064,
            "X3": 0.00042,
            "X4": 0.001,
            "X5": 0.00064,
            "X6": 0.00064,
            "X7": 0.0006500000000000001,
            "X8": 0.00064,
            "X9": 0.00064,
            "X10": 0.00064,
            "X11": 0.00064,
            "X12": 0.00084,
            "X13": 0.001,
            "X14": 0.00084,
            "X15": 0.00084,
            "X16": 0.0006500000000000001,
            "X17": 0.001,
            "X18": 0.00084,
            "X19": 0.001,
            "X20": 0.00064,
            "X21": 0.0006000000000000001
        }
    },