{
    "sky130_fd_sc_hd__xor2_1": {
        "metrics": {
            "tplh_t1": 2.012926e-10,
            "slew_in_rise_t1": 6e-11,
            "tphl_t2": 1.461722e-10,
            "slew_in_fall_t2": 6e-11,
            "tplh_t3": 2.028192e-10,
            "slew_in_rise_t3": 6e-11,
            "tphl_t4": 1.323223e-10,
            "slew_in_fall_t4": 6e-11,
            "energy_dyn": 1.00376e-13,
            "energy_test1": 3.34909e-14,
            "power_leak_t1": 4.357933e-09,
            "energy_test2": 1.77122e-14,
            "power_leak_t2": 5.331924e-13,
            "energy_test3": 3.49308e-14,
            "power_leak_t3": 5.418637e-08,
            "energy_test4": 1.42147e-14,
            "power_leak_t4": 5.475989e-13,
            "power_avg": 8.364666666666665e-06,
            "tplh_avg": 2.020559e-10,
            "tphl_avg": 1.3924725e-10,
            "delay_avg": 1.70651575e-10
        },
        "widths": {
            "X0": 0.0006500000000000001,
            "X1": 0.0006500000000000001,
            "X2": 0.0006500000000000001,
            "X3": 0.001,
            "X4": 0.001,
            "X5": 0.001,
            "X6": 0.001,
            "X7": 0.0006500000000000001,
            "X8": 0.001,
            "X9": 0.0006500000000000001
        }
    },
    "sky130_fd_sc_hd__xor2_2": {
        "metrics": {
            "tplh_t1": 1.314097e-10,
            "slew_in_rise_t1": 6e-11,
            "tphl_t2": 1.277795e-10,
            "slew_in_fall_t2": 6e-11,
            "tplh_t3": 1.341011e-10,
            "slew_in_rise_t3": 6e-11,
            "tphl_t4": 1.13997e-10,
            "slew_in_fall_t4": 6e-11,
            "energy_dyn": 1.35597e-13,
            "energy_test1": 3.42686e-14,
            "power_leak_t1": 3.079973e-10,
            "energy_test2": 3.53161e-14,
            "power_leak_t2": 1.066323e-12,
            "energy_test3": 3.74868e-14,
            "power_leak_t3": 8.042286e-08,
            "energy_test4": 2.84776e-14,
            "power_leak_t4": 1.095198e-12,
            "power_avg": 1.129975e-05,
            "tplh_avg": 1.327554e-10,
            "tphl_avg": 1.2088825e-10,
            "delay_avg": 1.26821825e-10
        },
        "widths": {
            "X0": 0.001,
            "X1": 0.001,
            "X2": 0.001,
            "X3": 0.001,
            "X4": 0.001,
            "X5": 0.001,
            "X6": 0.0006500000000000001,
            "X7": 0.0006500000000000001,
            "X8": 0.0006500000000000001,
            "X9": 0.0006500000000000001,
            "X10": 0.0006500000000000001,
            "X11": 0.0006500000000000001,
            "X12": 0.001,
            "X13": 0.001,
            "X14": 0.001,
            "X15": 0.0006500000000000001,
            "X16": 0.0006500000000000001,
            "X17": 0.0006500000000000001,
            "X18": 0.001,
            "X19": 0.0006500000000000001
        }
    },
    "sky130_fd_sc_hd__xor2_4": {
        "metrics": {
            "tplh_t1": 9.578311e-11,
            "slew_in_rise_t1": 6e-11,
            "tphl_t2": 1.164689e-10,
            "slew_in_fall_t2": 6e-11,
            "tplh_t3": 9.929163e-11,
            "slew_in_rise_t3": 6e-11,
            "tphl_t4": 1.026827e-10,
            "slew_in_fall_t4": 6e-11,
            "energy_dyn": 2.04998e-13,
            "energy_test1": 3.55355e-14,
            "power_leak_t1": 5.977265e-10,
            "energy_test2": 7.01206e-14,
            "power_leak_t2": 2.132585e-12,
            "energy_test3": 4.25025e-14,
            "power_leak_t3": 1.4708e-07,
            "energy_test4": 5.67489e-14,
            "power_leak_t4": 2.190395e-12,
            "power_avg": 1.7083166666666663e-05,
            "tplh_avg": 9.753737e-11,
            "tphl_avg": 1.095758e-10,
            "delay_avg": 1.03556585e-10
        },
        "widths": {
            "X0": 0.001,
            "X1": 0.001,
            "X2": 0.0006500000000000001,
            "X3": 0.001,
            "X4": 0.0006500000000000001,
            "X5": 0.001,
            "X6": 0.001,
            "X7": 0.001,
            "X8": 0.0006500000000000001,
            "X9": 0.0006500000000000001,
            "X10": 0.001,
            "X11": 0.0006500000000000001,
            "X12": 0.001,
            "X13": 0.0006500000000000001,
            "X14": 0.001,
            "X15": 0.001,
            "X16": 0.0006500000000000001,
            "X17": 0.001,
            "X18": 0.001,
            "X19": 0.0006500000000000001,
            "X20": 0.0006500000000000001,
            "X21": 0.001,
            "X22": 0.0006500000000000001,
            "X23": 0.0006500000000000001,
            "X24": 0.001,
            "X25": 0.0006500000000000001,
            "X26": 0.0006500000000000001,
            "X27": 0.001,
            "X28": 0.0006500000000000001,
            "X29": 0.0006500000000000001,
            "X30": 0.0006500000000000001,
            "X31": 0.001,
            "X32": 0.0006500000000000001,
            "X33": 0.0006500000000000001,
            "X34": 0.001,
            "X35": 0.0006500000000000001,
            "X36": 0.001,
            "X37": 0.0006500000000000001,
            "X38": 0.001,
            "X39": 0.001
        }
    },
    "sky130_fd_sc_hd__xor3_1": {
        "metrics": {
            "tplh_t1": 1.86557e-10,
            "slew_in_rise_t1": 6e-11,
            "tphl_t2": 2.361117e-10,
            "slew_in_fall_t2": 6e-11,
            "tplh_t3": 1.63575e-10,
            "slew_in_rise_t3": 6e-11,
            "tphl_t4": 2.004193e-10,
            "slew_in_fall_t4": 6e-11,
            "tplh_t5": 1.463619e-10,
            "slew_in_rise_t5": 6e-11,
            "tphl_t6": 1.555272e-10,
            "slew_in_fall_t6": 6e-11,
            "energy_dyn": 2.05287e-13,
            "energy_test1": 5.24107e-14,
            "power_leak_t1": 1.643994e-12,
            "energy_test2": 2.96831e-14,
            "power_leak_t2": 3.936631e-11,
            "energy_test3": 4.39941e-14,
            "power_leak_t3": 1.53927e-12,
            "energy_test4": 2.81829e-14,
            "power_leak_t4": 2.332814e-11,
            "energy_test5": 3.52733e-14,
            "power_leak_t5": 1.627134e-12,
            "energy_test6": 1.57427e-14,
            "power_leak_t6": 1.198085e-11,
            "power_avg": 1.1404833333333333e-05,
            "tplh_avg": 1.6549796666666668e-10,
            "tphl_avg": 1.9735273333333333e-10,
            "delay_avg": 1.8142535e-10
        },
        "widths": {
            "X0": 0.00084,
            "X1": 0.00064,
            "X2": 0.001,
            "X3": 0.0006000000000000001,
            "X4": 0.00084,
            "X5": 0.00064,
            "X6": 0.00064,
            "X7": 0.001,
            "X8": 0.00042,
            "X9": 0.00084,
            "X10": 0.00064,
            "X11": 0.001,
            "X12": 0.001,
            "X13": 0.00042,
            "X14": 0.00064,
            "X15": 0.0006500000000000001,
            "X16": 0.00084,
            "X17": 0.00064,
            "X18": 0.00064,
            "X19": 0.00064,
            "X20": 0.00064,
            "X21": 0.0006500000000000001
        }
    },
    "sky130_fd_sc_hd__xor3_2": {
        "metrics": {
            "tplh_t1": 1.736098e-10,
            "slew_in_rise_t1": 6e-11,
            "tphl_t2": 2.475592e-10,
            "slew_in_fall_t2": 6e-11,
            "tplh_t3": 1.511543e-10,
            "slew_in_rise_t3": 6e-11,
            "tphl_t4": 2.177282e-10,
            "slew_in_fall_t4": 6e-11,
            "tplh_t5": 1.385229e-10,
            "slew_in_rise_t5": 6e-11,
            "tphl_t6": 1.795683e-10,
            "slew_in_fall_t6": 6e-11,
            "energy_dyn": 2.34501e-13,
            "energy_test1": 5.73455e-14,
            "power_leak_t1": 1.866419e-12,
            "energy_test2": 3.43378e-14,
            "power_leak_t2": 1.916651e-09,
            "energy_test3": 4.88814e-14,
            "power_leak_t3": 1.764941e-12,
            "energy_test4": 3.29617e-14,
            "power_leak_t4": 1.345066e-09,
            "energy_test5": 4.02685e-14,