{
    "sky130_fd_sc_hd__xor2_1": {
        "metrics": {
            "tplh_t1": 2.012926e-10,
            "slew_in_rise_t1": 6e-11,
            "tphl_t2": 1.461722e-10,
            "slew_in_fall_t2": 6e-11,
            "tplh_t3": 2.028192e-10,
            "slew_in_rise_t3": 6e-11,
            "tphl_t4": 1.323223e-10,
            "slew_in_fall_t4": 6e-11,
            "energy_dyn": 1.00376e-13,
            "energy_test1": 3.34909e-14,
            "power_leak_t1": 4.357933e-09,
            "energy_test2": 1.77122e-14,
            "power_leak_t2": 5.331924e-13,
            "energy_test3": 3.49308e-14,
            "power_leak_t3": 5.418637e-08,
            "energy_test4": 1.42147e-14,
            "power_leak_t4": 5.475994e-13,
            "power_avg": 8.364666666666665e-06,
            "tplh_avg": 2.020559e-10,
            "tphl_avg": 1.3924725e-10,
            "delay_avg": 1.70651575e-10
        },
        "widths": {
            "X0": 6.5e-07,
            "X1": 6.5e-07,
            "X2": 6.5e-07,
            "X3": 1e-06,
            "X4": 1e-06,
            "X5": 1e-06,
            "X6": 1e-06,
            "X7": 6.5e-07,
            "X8": 1e-06,
            "X9": 6.5e-07
        },
        "lengths": {
            "X0": 1.5e-07,
            "X1": 1.5e-07,
            "X2": 1.5e-07,
            "X3": 1.5e-07,
            "X4": 1.5e-07,
            "X5": 1.5e-07,
            "X6": 1.5e-07,
            "X7": 1.5e-07,
            "X8": 1.5e-07,
            "X9": 1.5e-07
        }
    },
    "sky130_fd_sc_hd__xor2_2": {
        "metrics": {
            "tplh_t1": 1.314097e-10,
            "slew_in_rise_t1": 6e-11,
            "tphl_t2": 1.277795e-10,
            "slew_in_fall_t2": 6e-11,
            "tplh_t3": 1.341011e-10,
            "slew_in_rise_t3": 6e-11,
            "tphl_t4": 1.13997e-10,
            "slew_in_fall_t4": 6e-11,
            "energy_dyn": 1.35597e-13,
            "energy_test1": 3.42686e-14,
            "power_leak_t1": 3.079973e-10,
            "energy_test2": 3.53161e-14,
            "power_leak_t2": 1.066323e-12,
            "energy_test3": 3.74868e-14,
            "power_leak_t3": 8.042286e-08,
            "energy_test4": 2.84776e-14,
            "power_leak_t4": 1.095195e-12,
            "power_avg": 1.129975e-05,
            "tplh_avg": 1.327554e-10,
            "tphl_avg": 1.2088825e-10,
            "delay_avg": 1.26821825e-10
        },
        "widths": {
            "X0": 1e-06,
            "X1": 1e-06,
            "X2": 1e-06,
            "X3": 1e-06,
            "X4": 1e-06,
            "X5": 1e-06,
            "X6": 6.5e-07,
            "X7": 6.5e-07,
            "X8": 6.5e-07,
            "X9": 6.5e-07,
            "X10": 6.5e-07,
            "X11": 6.5e-07,
            "X12": 1e-06,
            "X13": 1e-06,
            "X14": 1e-06,
            "X15": 6.5e-07,
            "X16": 6.5e-07,
            "X17": 6.5e-07,
            "X18": 1e-06,
            "X19": 6.5e-07
        },
        "lengths": {
            "X0": 1.5e-07,
            "X1": 1.5e-07,
            "X2": 1.5e-07,
            "X3": 1.5e-07,
            "X4": 1.5e-07,
            "X5": 1.5e-07,
            "X6": 1.5e-07,
            "X7": 1.5e-07,
            "X8": 1.5e-07,
            "X9": 1.5e-07,
            "X10": 1.5e-07,
            "X11": 1.5e-07,
            "X12": 1.5e-07,
            "X13": 1.5e-07,
            "X14": 1.5e-07,
            "X15": 1.5e-07,
            "X16": 1.5e-07,
            "X17": 1.5e-07,
            "X18": 1.5e-07,
            "X19": 1.5e-07
        }
    },
    "sky130_fd_sc_hd__xor2_4": {
        "metrics": {
            "tplh_t1": 9.578311e-11,
            "slew_in_rise_t1": 6e-11,
            "tphl_t2": 1.164689e-10,
            "slew_in_fall_t2": 6e-11,
            "tplh_t3": 9.929163e-11,
            "slew_in_rise_t3": 6e-11,
            "tphl_t4": 1.026827e-10,
            "slew_in_fall_t4": 6e-11,
            "energy_dyn": 2.04998e-13,
            "energy_test1": 3.55355e-14,
            "power_leak_t1": 5.977265e-10,
            "energy_test2": 7.01206e-14,
            "power_leak_t2": 2.132589e-12,
            "energy_test3": 4.25025e-14,
            "power_leak_t3": 1.4708e-07,
            "energy_test4": 5.67489e-14,
            "power_leak_t4": 2.190394e-12,
            "power_avg": 1.7083166666666663e-05,
            "tplh_avg": 9.753737e-11,
            "tphl_avg": 1.095758e-10,
            "delay_avg": 1.03556585e-10
        },
        "widths": {
            "X0": 1e-06,
            "X1": 1e-06,
            "X2": 6.5e-07,
            "X3": 1e-06,
            "X4": 6.5e-07,
            "X5": 1e-06,
            "X6": 1e-06,
            "X7": 1e-06,
            "X8": 6.5e-07,
            "X9": 6.5e-07,
            "X10": 1e-06,
            "X11": 6.5e-07,
            "X12": 1e-06,
            "X13": 6.5e-07,
            "X14": 1e-06,
            "X15": 1e-06,
            "X16": 6.5e-07,
            "X17": 1e-06,
            "X18": 1e-06,
            "X19": 6.5e-07,
            "X20": 6.5e-07,
            "X21": 1e-06,
            "X22": 6.5e-07,
            "X23": 6.5e-07,
            "X24": 1e-06,
            "X25": 6.5e-07,
            "X26": 6.5e-07,
            "X27": 1e-06,
            "X28": 6.5e-07,
            "X29": 6.5e-07,
            "X30": 6.5e-07,
            "X31": 1e-06,
            "X32": 6.5e-07,
            "X33": 6.5e-07,
            "X34": 1e-06,
            "X35": 6.5e-07,
            "X36": 1e-06,
            "X37": 6.5e-07,
            "X38": 1e-06,
            "X39": 1e-06
        },
        "lengths": {
            "X0": 1.5e-07,
            "X1": 1.5e-07,
            "X2": 1.5e-07,
            "X3": 1.5e-07,
            "X4": 1.5e-07,
            "X5": 1.5e-07,
            "X6": 1.5e-07,
            "X7": 1.5e-07,
            "X8": 1.5e-07,
            "X9": 1.5e-07,
            "X10": 1.5e-07,
            "X11": 1.5e-07,
            "X12": 1.5e-07,
            "X13": 1.5e-07,
            "X14": 1.5e-07,
            "X15": 1.5e-07,
            "X16": 1.5e-07,
            "X17": 1.5e-07,
            "X18": 1.5e-07,
            "X19": 1.5e-07,
            "X20": 1.5e-07,
            "X21": 1.5e-07,
            "X22": 1.5e-07,
            "X23": 1.5e-07,
            "X24": 1.5e-07,
            "X25": 1.5e-07,
            "X26": 1.5e-07,
            "X27": 1.5e-07,
            "X28": 1.5e-07,
            "X29": 1.5e-07,
            "X30": 1.5e-07,
            "X31": 1.5e-07,
            "X32": 1.5e-07,
            "X33": 1.5e-07,
            "X34": 1.5e-07,
            "X35": 1.5e-07,
            "X36": 1.5e-07,
            "X37": 1.5e-07,
            "X38": 1.5e-07,
            "X39": 1.5e-07
        }
    },
    "sky130_fd_sc_hd__xor3_1": {
        "metrics": {
            "tplh_t1": 1.86557e-10,
            "slew_in_rise_t1": 6e-11,
            "tphl_t2": 2.361117e-10,
            "slew_in_fall_t2": 6e-11,
            "tplh_t3": 1.63575e-10,
            "slew_in_rise_t3": 6e-11,
            "tphl_t4": 2.004193e-10,
            "slew_in_fall_t4": 6e-11,
            "tplh_t5": 1.463619e-10,
            "slew_in_rise_t5": 6e-11,
            "tphl_t6": 1.555272e-10,
            "slew_in_fall_t6": 6e-11,
            "energy_dyn": 2.05287e-13,
            "energy_test1": 5.24107e-14,
            "power_leak_t1": 1.643994e-12,
            "energy_test2": 2.96831e-14,
            "power_leak_t2": 3.936631e-11,
            "energy_test3": 4.39941e-14,
            "power_leak_t3": 1.53927e-12,
            "energy_test4": 2.81829e-14,
            "power_leak_t4": 2.332814e-11,
            "energy_test5": 3.52733e-14,
            "power_leak_t5": 1.627134e-12,
            "energy_test6": 1.57427e-14,
            "power_leak_t6": 1.198085e-11,
            "power_avg": 1.1404833333333333e-05,
            "tplh_avg": 1.6549796666666668e-10,
            "tphl_avg": 1.9735273333333333e-10,
            "delay_avg": 1.8142535e-10
        },
        "widths": {
            "X0": 8.4e-07,