{
  "cell_info": {
    "full_name": "sky130_fd_sc_hd__xor2_4",
    "type": "xor2_4",
    "category": "xor",
    "n_transistors": 40
  },
  "optimized_widths": {
    "X0": 5.734547426911835e-07,
    "X1": 4.5941656002368477e-07,
    "X10": 1.1059199999999998e-06,
    "X11": 4.2e-07,
    "X12": 7.705913249905127e-07,
    "X13": 4.838400006008147e-07,
    "X14": 7.372799954223632e-07,
    "X15": 1.6588800102996826e-06,
    "X16": 7.188480000000001e-07,
    "X17": 4.2e-07,
    "X18": 1.4983929300814603e-06,
    "X19": 1.329914935960866e-06,
    "X2": 4.2e-07,
    "X20": 6.901869366098769e-07,
    "X21": 5.676627086887272e-07,
    "X22": 5.092286147605097e-07,
    "X23": 5.040000012516975e-07,
    "X24": 1.3101519026925856e-06,
    "X25": 5.040000012516975e-07,
    "X26": 5.670244931253183e-07,
    "X27": 1.10592e-06,
    "X28": 4.2e-07,
    "X29": 5.396319775870243e-07,
    "X3": 7.513129009661254e-07,
    "X30": 6.869031670867821e-07,
    "X31": 6.409333913404075e-07,
    "X32": 9.679363632211698e-07,
    "X33": 7.188480000000001e-07,
    "X34": 7.372799954223631e-07,
    "X35": 5.040000012516975e-07,
    "X36": 6.851618906319561e-07,
    "X37": 4.5375990206162215e-07,
    "X38": 5.511566663517346e-07,
    "X39": 1.0912230807860117e-06,
    "X4": 4.4879105359615004e-07,
    "X5": 7.25893616309063e-07,
    "X6": 1.1256037029236693e-06,
    "X7": 7.372799954223632e-07,
    "X8": 6.573652821045983e-07,
    "X9": 1.0184068532353894e-06
  },
  "metrics": {
    "delay_avg_ps": 109.86281,
    "delay_rise_ps": 96.84282,
    "delay_fall_ps": 122.8828,
    "energy_dyn_fJ": 93394000000.0,
    "power_leak_nW": 35.2084238185,
    "area_um2": 4.472430149812365,
    "cost": 2.3512582141874505
  },
  "training": {
    "algorithm": "PPO",
    "timestamp": "2026-01-03T22:24:21.997474",
    "cost_weights": {},
    "training_steps": 10000,
    "best_cost": 2.3512582141874505,
    "training_time_seconds": 248.78768134117126,
    "config": {
      "env_config": {
        "delay_rise": [
          6e-11,
          2e-10
        ],
        "delay_fall": [
          6e-11,
          2e-10
        ],
        "slew_in": [
          1e-11,
          1e-10
        ],
        "slew_out_rise": [
          1e-11,
          1e-10
        ],
        "slew_out_fall": [
          1e-11,
          1e-10
        ],
        "power_dyn": [
          1e-06,
          9.999999999999999e-05
        ],
        "area_um2": [
          0.3,
          3.0
        ],
        "max_steps": 50,
        "tolerance": 0.2,
        "penality_rw": -100.0
      },
      "sim_config": {
        "vdd": 1.8,
        "temp": 27.0,
        "cload": 1.0000000000000002e-14,
        "corner": "tt",
        "trise": 1e-10,
        "tfall": 1e-10,
        "test_duration": 2e-09,
        "settling_time": 1e-09,
        "tran_step": "10.0p",
        "rel_tol": 0.001,
        "abs_tol": 1e-12,
        "vntol": 1e-06,
        "gmin": 1e-15,
        "method": "gear"
      },
      "agent_config": {
        "learning_rate": 0.0003,
        "n_envs": 4,
        "batch_size": 64,
        "n_epochs": 10,
        "gamma": 0.9,
        "gae_lambda": 0.95,
        "clip_range": 0.2,
        "ent_coef": 0.01,
        "vf_coef": 0.5,
        "max_grad_norm": 0.5
      }
    }
  },
  "episode": null,
  "metadata": {}
}