{
  "cell_info": {
    "full_name": "sky130_fd_sc_hd__xor2_2",
    "type": "xor2_2",
    "category": "xor",
    "n_transistors": 20
  },
  "optimized_widths": {
    "X0": 1.2000000029802322e-06,
    "X1": 7.999999970197677e-07,
    "X10": 7.80000001937151e-07,
    "X11": 5.199999980628491e-07,
    "X12": 7.999999970197677e-07,
    "X13": 7.999999970197677e-07,
    "X14": 1.2000000029802322e-06,
    "X15": 7.166610933840275e-07,
    "X16": 7.228977266699076e-07,
    "X17": 7.80000001937151e-07,
    "X18": 7.999999970197677e-07,
    "X19": 5.199999980628491e-07,
    "X2": 8.170114904642105e-07,
    "X3": 1.2000000029802322e-06,
    "X4": 7.999999970197677e-07,
    "X5": 1.2000000029802322e-06,
    "X6": 7.80000001937151e-07,
    "X7": 5.199999980628491e-07,
    "X8": 5.199999980628491e-07,
    "X9": 7.80000001937151e-07
  },
  "metrics": {
    "delay_avg_ps": 131.2176,
    "delay_rise_ps": 145.2798,
    "delay_fall_ps": 117.1554,
    "energy_dyn_fJ": 64906500000.0,
    "power_leak_nW": 20.85391654715,
    "area_um2": 2.4384855461306865,
    "cost": 1.0
  },
  "training": {
    "algorithm": "PPO",
    "timestamp": "2026-01-03T15:50:23.432227",
    "cost_weights": {},
    "config": {
      "total_steps": 10000,
      "best_cost": 1.0,
      "learning_rate": 0.0003,
      "batch_size": 64,
      "n_envs": 4,
      "training_time_seconds": 13472.778739452362,
      "convergence": "ongoing"
    }
  },
  "episode": null,
  "metadata": {}
}