{
  "cell_info": {
    "full_name": "sky130_fd_sc_hd__xor2_2",
    "type": "xor2_2",
    "category": "xor",
    "n_transistors": 20
  },
  "optimized_widths": {
    "X0": 8.982762678661769e-07,
    "X1": 4.2e-07,
    "X10": 6.145314567877687e-07,
    "X11": 4.2e-07,
    "X12": 5.040000012516975e-07,
    "X13": 4.2e-07,
    "X14": 7.601428328394818e-07,
    "X15": 1.1100056817104162e-06,
    "X16": 6.447716346725967e-07,
    "X17": 6.04800003004074e-07,
    "X18": 2.488603162315811e-06,
    "X19": 5.040000012516975e-07,
    "X2": 6.797750906046548e-07,
    "X3": 7.017071576452323e-07,
    "X4": 9.009852144088217e-07,
    "X5": 9.112821397045855e-07,
    "X6": 5.926398723008063e-07,
    "X7": 4.2e-07,
    "X8": 4.2e-07,
    "X9": 8.227931701906094e-07
  },
  "metrics": {
    "delay_avg_ps": 143.995925,
    "delay_rise_ps": 154.77409999999998,
    "delay_fall_ps": 133.21775,
    "energy_dyn_fJ": 58146499999.99999,
    "power_leak_nW": 22.815082685,
    "area_um2": 2.2257470529831647,
    "cost": 2.291314451024201
  },
  "training": {
    "algorithm": "PPO",
    "timestamp": "2026-01-03T21:09:29.286288",
    "cost_weights": {},
    "training_steps": 1000,
    "best_cost": 2.291314451024201,
    "training_time_seconds": 1363.3162331581116,
    "config": {
      "env_config": {
        "delay_rise": [
          6e-11,
          2e-10
        ],
        "delay_fall": [
          6e-11,
          2e-10
        ],
        "slew_in": [
          1e-11,
          1e-10
        ],
        "slew_out_rise": [
          1e-11,
          1e-10
        ],
        "slew_out_fall": [
          1e-11,
          1e-10
        ],
        "power_dyn": [
          1e-06,
          9.999999999999999e-05
        ],
        "area_um2": [
          0.3,
          3.0
        ],
        "max_steps": 50,
        "tolerance": 0.15,
        "penality_rw": -100.0
      },
      "sim_config": {
        "vdd": 1.8,
        "temp": 27.0,
        "cload": 1.0000000000000002e-14,
        "corner": "tt",
        "trise": 1e-10,
        "tfall": 1e-10,
        "test_duration": 2e-09,
        "settling_time": 1e-09,
        "tran_step": "10.0p",
        "rel_tol": 0.001,
        "abs_tol": 1e-12,
        "vntol": 1e-06,
        "gmin": 1e-15,
        "method": "gear"
      },
      "agent_config": {
        "learning_rate": 0.0003,
        "n_envs": 4,
        "batch_size": 64,
        "n_epochs": 10,
        "gamma": 0.99,
        "gae_lambda": 0.95,
        "clip_range": 0.2,
        "ent_coef": 0.01,
        "vf_coef": 0.5,
        "max_grad_norm": 0.5
      }
    }
  },
  "episode": null,
  "metadata": {}
}