{
  "cell_info": {
    "full_name": "sky130_fd_sc_hd__xor2_4",
    "type": "xor2_4",
    "category": "xor",
    "n_transistors": 40
  },
  "optimized_widths": {
    "X0": 4.2e-07,
    "X1": 8.172796280039322e-07,
    "X10": 6.48708057621269e-07,
    "X11": 1.5977652261200782e-06,
    "X12": 4.2e-07,
    "X13": 6.04800003004074e-07,
    "X14": 3.381877761230668e-06,
    "X15": 4.2e-07,
    "X16": 4.892219192596497e-07,
    "X17": 6.533721545997433e-07,
    "X18": 1.664258708319955e-06,
    "X19": 5.040000012516975e-07,
    "X2": 7.033548368890371e-07,
    "X20": 4.2e-07,
    "X21": 1.2869653489102491e-06,
    "X22": 4.59254697255933e-07,
    "X23": 6.030063330088026e-07,
    "X24": 7.600865813398441e-07,
    "X25": 4.2e-07,
    "X26": 1.124273535478105e-06,
    "X27": 2.1383081155696947e-06,
    "X28": 4.2e-07,
    "X29": 4.860521226362258e-07,
    "X3": 2.641749594183901e-06,
    "X30": 4.567352856695652e-07,
    "X31": 1.003935575990489e-06,
    "X32": 6.228642702020827e-07,
    "X33": 4.2e-07,
    "X34": 1.584921741544299e-06,
    "X35": 4.413607828849573e-07,
    "X36": 4.2645154410376757e-07,
    "X37": 4.2e-07,
    "X38": 7.69344266254858e-07,
    "X39": 7.213895718174719e-07,
    "X4": 4.6915981248309164e-07,
    "X5": 9.941608360403463e-07,
    "X6": 6.089202703946876e-07,
    "X7": 6.04800003004074e-07,
    "X8": 5.130944837639274e-07,
    "X9": 5.150346623314684e-07
  },
  "metrics": {
    "delay_avg_ps": 98.948705,
    "delay_rise_ps": 104.57435,
    "delay_fall_ps": 93.32306,
    "energy_dyn_fJ": 83628499999.99998,
    "power_leak_nW": 40.336181046175,
    "area_um2": 5.048476159675193,
    "cost": 2.1503430849693195
  },
  "training": {
    "algorithm": "PPO",
    "timestamp": "2026-01-04T02:54:37.605022",
    "cost_weights": {},
    "training_steps": 15000,
    "best_cost": 2.1503430849693195,
    "training_time_seconds": 15010.10377573967,
    "config": {
      "env_config": {
        "delay_rise": [
          6e-11,
          2e-10
        ],
        "delay_fall": [
          6e-11,
          2e-10
        ],
        "slew_in": [
          1e-11,
          1e-10
        ],
        "slew_out_rise": [
          1e-11,
          1e-10
        ],
        "slew_out_fall": [
          1e-11,
          1e-10
        ],
        "power_dyn": [
          1e-06,
          9.999999999999999e-05
        ],
        "area_um2": [
          0.3,
          3.0
        ],
        "max_steps": 50,
        "tolerance": 0.2,
        "penality_rw": -100.0
      },
      "sim_config": {
        "vdd": 1.8,
        "temp": 27.0,
        "cload": 1.0000000000000002e-14,
        "corner": "tt",
        "trise": 1e-10,
        "tfall": 1e-10,
        "test_duration": 2e-09,
        "settling_time": 1e-09,
        "tran_step": "10.0p",
        "rel_tol": 0.001,
        "abs_tol": 1e-12,
        "vntol": 1e-06,
        "gmin": 1e-15,
        "method": "gear"
      },
      "agent_config": {
        "learning_rate": 0.0003,
        "n_envs": 4,
        "batch_size": 64,
        "n_epochs": 10,
        "gamma": 0.9,
        "gae_lambda": 0.95,
        "clip_range": 0.2,
        "ent_coef": 0.01,
        "vf_coef": 0.5,
        "max_grad_norm": 0.5
      }
    }
  },
  "episode": null,
  "metadata": {}
}