{
  "cell_info": {
    "full_name": "sky130_fd_sc_hd__inv_2",
    "type": "inv_2",
    "category": "inv",
    "n_transistors": 4
  },
  "optimized_widths": {
    "X0": 5.040000012516975e-07,
    "X1": 6.688604193222656e-07,
    "X2": 5.163252913197341e-07,
    "X3": 1.0503627553598717e-06
  },
  "metrics": {
    "delay_avg_ps": 60.04655,
    "delay_rise_ps": 74.51895,
    "delay_fall_ps": 45.57415,
    "energy_dyn_fJ": 18675549999.999996,
    "power_leak_nW": 0.00032433954999999996,
    "area_um2": 0.41093227008803535,
    "cost": 1.5962713218826587
  },
  "training": {
    "algorithm": "PPO",
    "timestamp": "2026-01-03T20:18:49.268789",
    "cost_weights": {},
    "training_steps": 1000,
    "best_cost": 1.5962713218826587,
    "training_time_seconds": 3001.0221416950226,
    "config": {
      "env_config": {
        "delay_rise": [
          6e-11,
          2e-10
        ],
        "delay_fall": [
          6e-11,
          2e-10
        ],
        "slew_in": [
          1e-11,
          1e-10
        ],
        "slew_out_rise": [
          1e-11,
          1e-10
        ],
        "slew_out_fall": [
          1e-11,
          1e-10
        ],
        "power_dyn": [
          1e-06,
          9.999999999999999e-05
        ],
        "area_um2": [
          0.3,
          3.0
        ],
        "max_steps": 50,
        "tolerance": 0.15
      },
      "sim_config": {
        "vdd": 1.8,
        "temp": 27.0,
        "cload": 1.0000000000000002e-14,
        "corner": "tt",
        "trise": 1e-10,
        "tfall": 1e-10,
        "test_duration": 2e-09,
        "settling_time": 1e-09,
        "tran_step": "10.0p",
        "rel_tol": 0.001,
        "abs_tol": 1e-12,
        "vntol": 1e-06,
        "gmin": 1e-15,
        "method": "gear"
      },
      "agent_config": {
        "learning_rate": 0.0003,
        "n_envs": 4,
        "batch_size": 64,
        "n_epochs": 10,
        "gamma": 0.99,
        "gae_lambda": 0.95,
        "clip_range": 0.2,
        "ent_coef": 0.01,
        "vf_coef": 0.5,
        "max_grad_norm": 0.5
      }
    }
  },
  "episode": null,
  "metadata": {}
}