{
  "cell_info": {
    "full_name": "sky130_fd_sc_hd__inv_1",
    "type": "inv_1",
    "category": "inv",
    "n_transistors": 2
  },
  "optimized_widths": {
    "X0": 6.559108069342604e-07,
    "X1": 1.1434823605579805e-06
  },
  "metrics": {
    "delay_avg_ps": 75.427105,
    "delay_rise_ps": 95.16835,
    "delay_fall_ps": 55.68586,
    "energy_dyn_fJ": 17941249999.999996,
    "power_leak_nW": 0.000145800975,
    "area_um2": 0.2699089751238361,
    "cost": 1.599948206483132
  },
  "training": {
    "algorithm": "PPO",
    "timestamp": "2026-01-03T18:54:48.788197",
    "cost_weights": {},
    "config": {
      "total_steps": 1000,
      "best_cost": 1.599948206483132,
      "learning_rate": 0.0003,
      "batch_size": 64,
      "n_envs": 4,
      "training_time_seconds": 2981.136543035507,
      "convergence": "stopped"
    }
  },
  "episode": null,
  "metadata": {}
}